,Year,Month,Day,Start_Hour,End_Hour,Price
0,2016.0,9.0,1.0,15.0,16.0,26.37471
1,2016.0,9.0,1.0,19.0,20.0,27.08626
2,2016.0,9.0,2.0,4.0,5.0,37.7194
3,2016.0,9.0,1.0,16.0,17.0,22.12491
4,2016.0,9.0,1.0,17.0,18.0,22.29904
5,2016.0,9.0,2.0,1.0,2.0,59.29721
6,2016.0,9.0,1.0,14.0,15.0,32.19929
7,2016.0,9.0,1.0,21.0,22.0,31.44232
8,2016.0,9.0,1.0,23.0,0.0,39.3954
9,2016.0,9.0,2.0,5.0,6.0,35.41793
10,2016.0,9.0,2.0,6.0,7.0,31.70278
11,2016.0,9.0,1.0,13.0,14.0,33.26444
12,2016.0,9.0,1.0,22.0,23.0,37.18843
13,2016.0,9.0,1.0,10.0,11.0,28.1286
14,2016.0,9.0,1.0,12.0,13.0,32.91041
15,2016.0,9.0,1.0,20.0,21.0,28.88242
16,2016.0,9.0,1.0,8.0,9.0,26.06493
17,2016.0,9.0,1.0,11.0,12.0,28.61533
18,2016.0,9.0,2.0,0.0,1.0,49.30593
19,2016.0,9.0,2.0,2.0,3.0,57.62327
20,2016.0,9.0,2.0,3.0,4.0,57.55614
21,2016.0,9.0,1.0,7.0,8.0,28.30416
22,2016.0,9.0,1.0,9.0,10.0,28.07138
23,2016.0,9.0,1.0,18.0,19.0,26.88195
24,2016.0,9.0,2.0,15.0,16.0,27.70329
25,2016.0,9.0,2.0,17.0,18.0,26.83415
26,2016.0,9.0,3.0,5.0,6.0,34.19631
27,2016.0,9.0,2.0,12.0,13.0,31.22171
28,2016.0,9.0,2.0,16.0,17.0,26.50574
29,2016.0,9.0,3.0,0.0,1.0,36.6062
30,2016.0,9.0,3.0,1.0,2.0,46.5584
31,2016.0,9.0,2.0,8.0,9.0,27.64702
32,2016.0,9.0,2.0,11.0,12.0,28.33513
33,2016.0,9.0,2.0,10.0,11.0,27.75511
34,2016.0,9.0,2.0,18.0,19.0,27.64598
35,2016.0,9.0,2.0,23.0,0.0,33.63727
36,2016.0,9.0,3.0,2.0,3.0,45.61661
37,2016.0,9.0,3.0,4.0,5.0,35.53076
38,2016.0,9.0,2.0,14.0,15.0,31.67792
39,2016.0,9.0,2.0,19.0,20.0,27.93294
40,2016.0,9.0,2.0,9.0,10.0,27.62404
41,2016.0,9.0,2.0,13.0,14.0,32.71118
42,2016.0,9.0,3.0,6.0,7.0,30.41386
43,2016.0,9.0,2.0,7.0,8.0,28.56615
44,2016.0,9.0,2.0,20.0,21.0,28.6977
45,2016.0,9.0,2.0,21.0,22.0,30.29685
46,2016.0,9.0,2.0,22.0,23.0,31.62215
47,2016.0,9.0,3.0,3.0,4.0,42.9475
48,2016.0,9.0,4.0,4.0,5.0,36.6561
49,2016.0,9.0,3.0,13.0,14.0,29.04777
50,2016.0,9.0,3.0,11.0,12.0,29.10009
51,2016.0,9.0,3.0,8.0,9.0,29.33662
52,2016.0,9.0,4.0,5.0,6.0,34.26987
53,2016.0,9.0,4.0,1.0,2.0,41.30755
54,2016.0,9.0,3.0,22.0,23.0,25.47918
55,2016.0,9.0,3.0,19.0,20.0,19.80766
56,2016.0,9.0,4.0,3.0,4.0,42.89992
57,2016.0,9.0,3.0,10.0,11.0,29.50258
58,2016.0,9.0,4.0,6.0,7.0,31.79428
59,2016.0,9.0,4.0,2.0,3.0,42.31306
60,2016.0,9.0,3.0,21.0,22.0,24.66118
61,2016.0,9.0,3.0,18.0,19.0,15.35918
62,2016.0,9.0,3.0,16.0,17.0,10.88126
63,2016.0,9.0,3.0,23.0,0.0,28.11424
64,2016.0,9.0,3.0,20.0,21.0,22.34873
65,2016.0,9.0,3.0,17.0,18.0,10.87902
66,2016.0,9.0,3.0,15.0,16.0,21.08765
67,2016.0,9.0,3.0,9.0,10.0,29.67604
68,2016.0,9.0,3.0,7.0,8.0,30.26834
69,2016.0,9.0,3.0,14.0,15.0,27.64837
70,2016.0,9.0,4.0,0.0,1.0,33.86183
71,2016.0,9.0,3.0,12.0,13.0,30.41075
72,2016.0,9.0,5.0,1.0,2.0,45.76512
73,2016.0,9.0,4.0,10.0,11.0,28.46749
74,2016.0,9.0,5.0,2.0,3.0,50.25173
75,2016.0,9.0,4.0,22.0,23.0,20.00155
76,2016.0,9.0,4.0,12.0,13.0,29.61179
77,2016.0,9.0,4.0,7.0,8.0,30.19308
78,2016.0,9.0,5.0,6.0,7.0,30.99684
79,2016.0,9.0,4.0,23.0,0.0,25.33897
80,2016.0,9.0,4.0,16.0,17.0,6.2289
81,2016.0,9.0,4.0,14.0,15.0,25.93347
82,2016.0,9.0,4.0,11.0,12.0,28.53626
83,2016.0,9.0,4.0,18.0,19.0,6.92527
84,2016.0,9.0,4.0,9.0,10.0,28.57095
85,2016.0,9.0,5.0,5.0,6.0,33.64767
86,2016.0,9.0,5.0,0.0,1.0,31.47589
87,2016.0,9.0,4.0,20.0,21.0,12.94324
88,2016.0,9.0,5.0,4.0,5.0,38.12827
89,2016.0,9.0,4.0,19.0,20.0,7.14606
90,2016.0,9.0,4.0,15.0,16.0,17.39064
91,2016.0,9.0,4.0,17.0,18.0,7.87969
92,2016.0,9.0,4.0,13.0,14.0,28.66328
93,2016.0,9.0,4.0,8.0,9.0,28.428
94,2016.0,9.0,4.0,21.0,22.0,17.4527
95,2016.0,9.0,5.0,3.0,4.0,52.13922
96,2016.0,9.0,5.0,16.0,17.0,13.94862
97,2016.0,9.0,5.0,14.0,15.0,27.19892
98,2016.0,9.0,5.0,23.0,0.0,30.34703
99,2016.0,9.0,5.0,7.0,8.0,28.90841
100,2016.0,9.0,5.0,15.0,16.0,17.38088
101,2016.0,9.0,5.0,9.0,10.0,28.28463
102,2016.0,9.0,6.0,2.0,3.0,42.69217
103,2016.0,9.0,5.0,12.0,13.0,29.42597
104,2016.0,9.0,6.0,1.0,2.0,42.6516
105,2016.0,9.0,6.0,3.0,4.0,41.74574
106,2016.0,9.0,5.0,22.0,23.0,26.21428
107,2016.0,9.0,5.0,10.0,11.0,27.71713
108,2016.0,9.0,6.0,5.0,6.0,33.75549
109,2016.0,9.0,6.0,0.0,1.0,34.06389
110,2016.0,9.0,5.0,21.0,22.0,24.51407
111,2016.0,9.0,5.0,20.0,21.0,22.87357
112,2016.0,9.0,5.0,19.0,20.0,19.12506
113,2016.0,9.0,5.0,17.0,18.0,16.21252
114,2016.0,9.0,5.0,18.0,19.0,20.69796
115,2016.0,9.0,5.0,11.0,12.0,28.0564
116,2016.0,9.0,5.0,8.0,9.0,27.14381
117,2016.0,9.0,6.0,4.0,5.0,37.49425
118,2016.0,9.0,5.0,13.0,14.0,29.91561
119,2016.0,9.0,6.0,6.0,7.0,30.59487
120,2016.0,9.0,6.0,19.0,20.0,29.31754
121,2016.0,9.0,6.0,14.0,15.0,34.45871
122,2016.0,9.0,6.0,9.0,10.0,27.75583
123,2016.0,9.0,6.0,15.0,16.0,27.94574
124,2016.0,9.0,6.0,17.0,18.0,23.98929
125,2016.0,9.0,6.0,18.0,19.0,25.77657
126,2016.0,9.0,6.0,22.0,23.0,33.91696
127,2016.0,9.0,7.0,2.0,3.0,53.03108
128,2016.0,9.0,7.0,6.0,7.0,33.26998
129,2016.0,9.0,6.0,11.0,12.0,29.29777
130,2016.0,9.0,6.0,10.0,11.0,28.0171
131,2016.0,9.0,6.0,13.0,14.0,35.77983
132,2016.0,9.0,7.0,0.0,1.0,42.91593
133,2016.0,9.0,7.0,1.0,2.0,49.47997
134,2016.0,9.0,7.0,3.0,4.0,48.32638
135,2016.0,9.0,6.0,12.0,13.0,32.69681
136,2016.0,9.0,6.0,16.0,17.0,23.49325
137,2016.0,9.0,7.0,5.0,6.0,35.9268
138,2016.0,9.0,6.0,8.0,9.0,29.07987
139,2016.0,9.0,6.0,21.0,22.0,32.09973
140,2016.0,9.0,6.0,23.0,0.0,37.41586
141,2016.0,9.0,7.0,4.0,5.0,40.09674
142,2016.0,9.0,6.0,7.0,8.0,29.69955
143,2016.0,9.0,6.0,20.0,21.0,30.81247
144,2016.0,9.0,7.0,10.0,11.0,28.52454
145,2016.0,9.0,7.0,11.0,12.0,30.07506
146,2016.0,9.0,8.0,6.0,7.0,32.19854
147,2016.0,9.0,7.0,23.0,0.0,40.80894
148,2016.0,9.0,7.0,13.0,14.0,34.72152
149,2016.0,9.0,8.0,5.0,6.0,35.29843
150,2016.0,9.0,7.0,20.0,21.0,31.86023
151,2016.0,9.0,7.0,22.0,23.0,36.76925
152,2016.0,9.0,7.0,15.0,16.0,26.80615
153,2016.0,9.0,7.0,21.0,22.0,34.6176
154,2016.0,9.0,8.0,4.0,5.0,40.90104
155,2016.0,9.0,7.0,8.0,9.0,29.08052
156,2016.0,9.0,7.0,14.0,15.0,33.97286
157,2016.0,9.0,7.0,18.0,19.0,24.60016
158,2016.0,9.0,7.0,19.0,20.0,28.41041
159,2016.0,9.0,8.0,3.0,4.0,50.9577
160,2016.0,9.0,7.0,9.0,10.0,28.27401
161,2016.0,9.0,7.0,12.0,13.0,32.16461
162,2016.0,9.0,7.0,16.0,17.0,22.76798
163,2016.0,9.0,8.0,1.0,2.0,57.49441
164,2016.0,9.0,8.0,2.0,3.0,62.04672
165,2016.0,9.0,7.0,17.0,18.0,22.81751
166,2016.0,9.0,7.0,7.0,8.0,30.36851
167,2016.0,9.0,8.0,0.0,1.0,46.39048
168,2016.0,9.0,8.0,19.0,20.0,28.07827
169,2016.0,9.0,9.0,4.0,5.0,37.16083
170,2016.0,9.0,8.0,8.0,9.0,27.37784
171,2016.0,9.0,8.0,16.0,17.0,24.11628
172,2016.0,9.0,9.0,0.0,1.0,41.52103
173,2016.0,9.0,8.0,18.0,19.0,26.06897
174,2016.0,9.0,9.0,1.0,2.0,51.75257
175,2016.0,9.0,9.0,2.0,3.0,52.92333
176,2016.0,9.0,9.0,5.0,6.0,35.12005
177,2016.0,9.0,8.0,10.0,11.0,26.15285
178,2016.0,9.0,8.0,13.0,14.0,32.57421
179,2016.0,9.0,8.0,14.0,15.0,32.06907
180,2016.0,9.0,8.0,15.0,16.0,26.96075
181,2016.0,9.0,8.0,17.0,18.0,24.0895
182,2016.0,9.0,8.0,21.0,22.0,31.435
183,2016.0,9.0,8.0,22.0,23.0,33.92298
184,2016.0,9.0,8.0,20.0,21.0,30.3999
185,2016.0,9.0,8.0,23.0,0.0,35.66036
186,2016.0,9.0,8.0,7.0,8.0,28.99409
187,2016.0,9.0,8.0,11.0,12.0,27.40761
188,2016.0,9.0,8.0,12.0,13.0,30.20905
189,2016.0,9.0,8.0,9.0,10.0,26.77187
190,2016.0,9.0,9.0,3.0,4.0,46.52651
191,2016.0,9.0,9.0,6.0,7.0,30.57612
192,2016.0,9.0,9.0,18.0,19.0,30.2187
193,2016.0,9.0,9.0,12.0,13.0,32.46669
194,2016.0,9.0,10.0,3.0,4.0,46.48451
195,2016.0,9.0,10.0,5.0,6.0,36.60008
196,2016.0,9.0,9.0,11.0,12.0,30.48095
197,2016.0,9.0,10.0,6.0,7.0,33.73203
198,2016.0,9.0,9.0,23.0,0.0,42.14166
199,2016.0,9.0,10.0,0.0,1.0,45.21577
200,2016.0,9.0,10.0,4.0,5.0,39.67794
201,2016.0,9.0,9.0,10.0,11.0,28.14079
202,2016.0,9.0,9.0,16.0,17.0,27.79536
203,2016.0,9.0,9.0,19.0,20.0,31.44148
204,2016.0,9.0,10.0,2.0,3.0,56.41538
205,2016.0,9.0,9.0,13.0,14.0,35.6133
206,2016.0,9.0,9.0,20.0,21.0,34.18802
207,2016.0,9.0,9.0,21.0,22.0,36.18876
208,2016.0,9.0,9.0,14.0,15.0,35.9698
209,2016.0,9.0,9.0,15.0,16.0,31.53345
210,2016.0,9.0,9.0,7.0,8.0,32.55893
211,2016.0,9.0,9.0,8.0,9.0,30.6761
212,2016.0,9.0,9.0,9.0,10.0,28.28919
213,2016.0,9.0,9.0,22.0,23.0,38.40519
214,2016.0,9.0,10.0,1.0,2.0,55.19222
215,2016.0,9.0,9.0,17.0,18.0,27.65832
216,2016.0,9.0,10.0,23.0,0.0,36.29031
217,2016.0,9.0,11.0,3.0,4.0,45.55343
218,2016.0,9.0,10.0,10.0,11.0,29.08856
219,2016.0,9.0,10.0,8.0,9.0,30.24087
220,2016.0,9.0,10.0,13.0,14.0,31.14693
221,2016.0,9.0,10.0,14.0,15.0,30.42973
222,2016.0,9.0,10.0,20.0,21.0,30.49968
223,2016.0,9.0,10.0,21.0,22.0,32.4754
224,2016.0,9.0,10.0,16.0,17.0,24.65941
225,2016.0,9.0,10.0,7.0,8.0,32.37699
226,2016.0,9.0,10.0,12.0,13.0,31.00718
227,2016.0,9.0,10.0,17.0,18.0,25.2183
228,2016.0,9.0,11.0,1.0,2.0,56.52296
229,2016.0,9.0,11.0,2.0,3.0,58.06238
230,2016.0,9.0,10.0,11.0,12.0,29.26004
231,2016.0,9.0,10.0,18.0,19.0,26.99684
232,2016.0,9.0,11.0,5.0,6.0,34.55592
233,2016.0,9.0,11.0,6.0,7.0,32.42992
234,2016.0,9.0,10.0,9.0,10.0,29.72984
235,2016.0,9.0,10.0,15.0,16.0,26.42299
236,2016.0,9.0,11.0,0.0,1.0,42.68044
237,2016.0,9.0,11.0,4.0,5.0,37.47416
238,2016.0,9.0,10.0,19.0,20.0,28.73526
239,2016.0,9.0,10.0,22.0,23.0,35.06489
240,2016.0,9.0,11.0,13.0,14.0,29.76558
241,2016.0,9.0,12.0,2.0,3.0,52.12711
242,2016.0,9.0,11.0,7.0,8.0,29.22504
243,2016.0,9.0,11.0,11.0,12.0,29.00795
244,2016.0,9.0,11.0,18.0,19.0,21.74462
245,2016.0,9.0,11.0,22.0,23.0,28.47851
246,2016.0,9.0,11.0,17.0,18.0,18.89744
247,2016.0,9.0,11.0,8.0,9.0,28.00036
248,2016.0,9.0,11.0,10.0,11.0,28.31181
249,2016.0,9.0,12.0,5.0,6.0,32.70712
250,2016.0,9.0,11.0,14.0,15.0,27.09167
251,2016.0,9.0,11.0,16.0,17.0,16.56108
252,2016.0,9.0,12.0,0.0,1.0,36.6469
253,2016.0,9.0,12.0,4.0,5.0,36.61521
254,2016.0,9.0,11.0,9.0,10.0,28.91921
255,2016.0,9.0,11.0,15.0,16.0,21.11053
256,2016.0,9.0,11.0,19.0,20.0,24.75831
257,2016.0,9.0,11.0,21.0,22.0,25.63704
258,2016.0,9.0,11.0,20.0,21.0,26.28801
259,2016.0,9.0,12.0,1.0,2.0,46.6853
260,2016.0,9.0,12.0,3.0,4.0,43.86564
261,2016.0,9.0,12.0,6.0,7.0,29.19071
262,2016.0,9.0,11.0,12.0,13.0,29.9819
263,2016.0,9.0,11.0,23.0,0.0,30.83857
264,2016.0,9.0,12.0,12.0,13.0,29.4751
265,2016.0,9.0,12.0,19.0,20.0,21.69795
266,2016.0,9.0,13.0,4.0,5.0,36.40497
267,2016.0,9.0,12.0,16.0,17.0,20.37766
268,2016.0,9.0,12.0,11.0,12.0,25.8067
269,2016.0,9.0,12.0,8.0,9.0,24.47478
270,2016.0,9.0,12.0,9.0,10.0,24.58639
271,2016.0,9.0,13.0,5.0,6.0,33.08634
272,2016.0,9.0,13.0,3.0,4.0,44.09711
273,2016.0,9.0,13.0,2.0,3.0,48.97418
274,2016.0,9.0,12.0,14.0,15.0,33.03501
275,2016.0,9.0,12.0,20.0,21.0,23.85237
276,2016.0,9.0,12.0,17.0,18.0,20.48867
277,2016.0,9.0,12.0,10.0,11.0,24.50236
278,2016.0,9.0,12.0,21.0,22.0,24.32692
279,2016.0,9.0,12.0,18.0,19.0,21.72232
280,2016.0,9.0,12.0,7.0,8.0,25.40534
281,2016.0,9.0,13.0,6.0,7.0,29.93581
282,2016.0,9.0,13.0,0.0,1.0,32.77223
283,2016.0,9.0,12.0,15.0,16.0,22.58993
284,2016.0,9.0,13.0,1.0,2.0,42.59916
285,2016.0,9.0,12.0,23.0,0.0,29.47293
286,2016.0,9.0,12.0,22.0,23.0,25.82287
287,2016.0,9.0,12.0,13.0,14.0,33.07761
288,2016.0,9.0,14.0,2.0,3.0,50.94409
289,2016.0,9.0,13.0,13.0,14.0,34.84399
290,2016.0,9.0,14.0,5.0,6.0,34.40795
291,2016.0,9.0,13.0,9.0,10.0,25.20081
292,2016.0,9.0,14.0,0.0,1.0,33.30866
293,2016.0,9.0,13.0,14.0,15.0,35.47214
294,2016.0,9.0,14.0,4.0,5.0,36.37581
295,2016.0,9.0,14.0,1.0,2.0,40.82889
296,2016.0,9.0,13.0,23.0,0.0,27.25018
297,2016.0,9.0,13.0,22.0,23.0,25.2096
298,2016.0,9.0,13.0,21.0,22.0,24.20269
299,2016.0,9.0,13.0,19.0,20.0,22.00059
300,2016.0,9.0,13.0,15.0,16.0,26.8928
301,2016.0,9.0,13.0,12.0,13.0,31.79199
302,2016.0,9.0,13.0,11.0,12.0,27.00458
303,2016.0,9.0,14.0,6.0,7.0,30.5077
304,2016.0,9.0,13.0,18.0,19.0,20.92862
305,2016.0,9.0,13.0,17.0,18.0,20.85581
306,2016.0,9.0,13.0,7.0,8.0,27.64154
307,2016.0,9.0,13.0,16.0,17.0,22.04026
308,2016.0,9.0,14.0,3.0,4.0,43.30007
309,2016.0,9.0,13.0,10.0,11.0,25.15053
310,2016.0,9.0,13.0,8.0,9.0,25.53021
311,2016.0,9.0,13.0,20.0,21.0,22.97974
312,2016.0,9.0,15.0,1.0,2.0,42.77304
313,2016.0,9.0,15.0,2.0,3.0,51.31065
314,2016.0,9.0,15.0,5.0,6.0,34.60893
315,2016.0,9.0,14.0,7.0,8.0,28.49156
316,2016.0,9.0,14.0,13.0,14.0,36.59889
317,2016.0,9.0,14.0,14.0,15.0,36.71567
318,2016.0,9.0,14.0,19.0,20.0,26.84971
319,2016.0,9.0,15.0,0.0,1.0,36.36391
320,2016.0,9.0,15.0,6.0,7.0,30.59067
321,2016.0,9.0,14.0,8.0,9.0,26.50236
322,2016.0,9.0,14.0,20.0,21.0,27.31351
323,2016.0,9.0,14.0,23.0,0.0,33.41246
324,2016.0,9.0,15.0,3.0,4.0,43.18029
325,2016.0,9.0,14.0,17.0,18.0,25.39884
326,2016.0,9.0,14.0,12.0,13.0,32.64685
327,2016.0,9.0,14.0,15.0,16.0,29.82664
328,2016.0,9.0,14.0,21.0,22.0,28.8945
329,2016.0,9.0,14.0,16.0,17.0,26.53125
330,2016.0,9.0,14.0,9.0,10.0,25.87365
331,2016.0,9.0,14.0,10.0,11.0,25.74829
332,2016.0,9.0,14.0,11.0,12.0,27.21496
333,2016.0,9.0,14.0,18.0,19.0,26.29829
334,2016.0,9.0,14.0,22.0,23.0,30.76147
335,2016.0,9.0,15.0,4.0,5.0,35.88532
336,2016.0,9.0,15.0,19.0,20.0,27.80658
337,2016.0,9.0,16.0,3.0,4.0,43.999
338,2016.0,9.0,15.0,20.0,21.0,28.65303
339,2016.0,9.0,15.0,17.0,18.0,25.16992
340,2016.0,9.0,16.0,2.0,3.0,51.77664
341,2016.0,9.0,15.0,21.0,22.0,30.34868
342,2016.0,9.0,15.0,15.0,16.0,29.17209
343,2016.0,9.0,15.0,13.0,14.0,34.73341
344,2016.0,9.0,15.0,11.0,12.0,27.36951
345,2016.0,9.0,15.0,9.0,10.0,26.15421
346,2016.0,9.0,15.0,23.0,0.0,34.10608
347,2016.0,9.0,15.0,12.0,13.0,31.05626
348,2016.0,9.0,15.0,7.0,8.0,28.97845
349,2016.0,9.0,16.0,1.0,2.0,43.93705
350,2016.0,9.0,15.0,18.0,19.0,27.24
351,2016.0,9.0,15.0,16.0,17.0,26.44329
352,2016.0,9.0,15.0,10.0,11.0,25.9603
353,2016.0,9.0,15.0,14.0,15.0,35.06627
354,2016.0,9.0,16.0,6.0,7.0,31.54757
355,2016.0,9.0,15.0,8.0,9.0,26.93943
356,2016.0,9.0,16.0,0.0,1.0,36.33752
357,2016.0,9.0,16.0,5.0,6.0,34.53839
358,2016.0,9.0,16.0,4.0,5.0,36.89163
359,2016.0,9.0,15.0,22.0,23.0,32.67991
360,2016.0,9.0,16.0,7.0,8.0,29.1302
361,2016.0,9.0,16.0,17.0,18.0,21.57964
362,2016.0,9.0,16.0,20.0,21.0,27.05546
363,2016.0,9.0,16.0,22.0,23.0,33.59193
364,2016.0,9.0,16.0,11.0,12.0,27.74184
365,2016.0,9.0,16.0,16.0,17.0,22.56678
366,2016.0,9.0,17.0,6.0,7.0,31.41504
367,2016.0,9.0,17.0,0.0,1.0,39.89587
368,2016.0,9.0,16.0,19.0,20.0,24.16243
369,2016.0,9.0,17.0,2.0,3.0,55.0
370,2016.0,9.0,17.0,4.0,5.0,37.23
371,2016.0,9.0,16.0,8.0,9.0,27.8335
372,2016.0,9.0,16.0,9.0,10.0,27.78847
373,2016.0,9.0,16.0,13.0,14.0,34.24224
374,2016.0,9.0,16.0,14.0,15.0,34.04005
375,2016.0,9.0,16.0,18.0,19.0,22.55695
376,2016.0,9.0,16.0,21.0,22.0,30.5477
377,2016.0,9.0,16.0,23.0,0.0,34.60042
378,2016.0,9.0,17.0,5.0,6.0,34.65069
379,2016.0,9.0,16.0,12.0,13.0,31.68585
380,2016.0,9.0,16.0,15.0,16.0,28.78181
381,2016.0,9.0,17.0,1.0,2.0,48.72383
382,2016.0,9.0,16.0,10.0,11.0,27.16324
383,2016.0,9.0,17.0,3.0,4.0,46.27
384,2016.0,9.0,17.0,7.0,8.0,28.70738
385,2016.0,9.0,17.0,16.0,17.0,14.17874
386,2016.0,9.0,17.0,21.0,22.0,27.17159
387,2016.0,9.0,17.0,9.0,10.0,28.20213
388,2016.0,9.0,17.0,23.0,0.0,34.91033
389,2016.0,9.0,18.0,0.0,1.0,41.63948
390,2016.0,9.0,18.0,2.0,3.0,55.54579
391,2016.0,9.0,18.0,5.0,6.0,34.91275
392,2016.0,9.0,17.0,19.0,20.0,20.93069
393,2016.0,9.0,18.0,1.0,2.0,50.0
394,2016.0,9.0,18.0,4.0,5.0,37.55
395,2016.0,9.0,17.0,12.0,13.0,29.15283
396,2016.0,9.0,17.0,15.0,16.0,19.73093
397,2016.0,9.0,17.0,20.0,21.0,23.32339
398,2016.0,9.0,17.0,22.0,23.0,30.84228
399,2016.0,9.0,18.0,3.0,4.0,46.73
400,2016.0,9.0,18.0,6.0,7.0,30.55785
401,2016.0,9.0,17.0,10.0,11.0,27.05538
402,2016.0,9.0,17.0,11.0,12.0,27.19437
403,2016.0,9.0,17.0,13.0,14.0,31.23378
404,2016.0,9.0,17.0,14.0,15.0,28.33974
405,2016.0,9.0,17.0,18.0,19.0,16.29191
406,2016.0,9.0,17.0,8.0,9.0,27.01416
407,2016.0,9.0,17.0,17.0,18.0,14.28634
408,2016.0,9.0,18.0,19.0,20.0,26.47218
409,2016.0,9.0,18.0,14.0,15.0,26.79758
410,2016.0,9.0,19.0,3.0,4.0,50.21252
411,2016.0,9.0,18.0,18.0,19.0,21.80672
412,2016.0,9.0,18.0,10.0,11.0,26.83314
413,2016.0,9.0,18.0,8.0,9.0,26.66223
414,2016.0,9.0,19.0,6.0,7.0,32.82748
415,2016.0,9.0,19.0,4.0,5.0,40.18698
416,2016.0,9.0,19.0,0.0,1.0,60.9745
417,2016.0,9.0,18.0,22.0,23.0,36.74987
418,2016.0,9.0,18.0,11.0,12.0,26.85352
419,2016.0,9.0,18.0,7.0,8.0,28.08562
420,2016.0,9.0,18.0,16.0,17.0,12.35751
421,2016.0,9.0,18.0,15.0,16.0,19.98786
422,2016.0,9.0,18.0,13.0,14.0,29.28671
423,2016.0,9.0,18.0,12.0,13.0,27.852
424,2016.0,9.0,19.0,5.0,6.0,36.22329
425,2016.0,9.0,19.0,2.0,3.0,68.94542
426,2016.0,9.0,18.0,23.0,0.0,46.3978
427,2016.0,9.0,18.0,20.0,21.0,30.02364
428,2016.0,9.0,18.0,9.0,10.0,27.82651
429,2016.0,9.0,18.0,17.0,18.0,13.99852
430,2016.0,9.0,19.0,1.0,2.0,67.22768
431,2016.0,9.0,18.0,21.0,22.0,33.69363
432,2016.0,9.0,19.0,22.0,23.0,68.75769
433,2016.0,9.0,20.0,6.0,7.0,34.28032
434,2016.0,9.0,19.0,18.0,19.0,25.34354
435,2016.0,9.0,20.0,3.0,4.0,77.42073
436,2016.0,9.0,20.0,4.0,5.0,39.97335
437,2016.0,9.0,19.0,21.0,22.0,34.03394
438,2016.0,9.0,19.0,17.0,18.0,24.63451
439,2016.0,9.0,19.0,23.0,0.0,83.09087
440,2016.0,9.0,19.0,16.0,17.0,22.91021
441,2016.0,9.0,19.0,20.0,21.0,28.08531
442,2016.0,9.0,19.0,15.0,16.0,27.46712
443,2016.0,9.0,19.0,11.0,12.0,26.84497
444,2016.0,9.0,19.0,10.0,11.0,25.92311
445,2016.0,9.0,20.0,5.0,6.0,38.90349
446,2016.0,9.0,19.0,7.0,8.0,31.07942
447,2016.0,9.0,19.0,14.0,15.0,35.65817
448,2016.0,9.0,19.0,19.0,20.0,26.2314
449,2016.0,9.0,20.0,1.0,2.0,109.39177
450,2016.0,9.0,19.0,13.0,14.0,34.81365
451,2016.0,9.0,19.0,12.0,13.0,31.85432
452,2016.0,9.0,19.0,9.0,10.0,27.16538
453,2016.0,9.0,19.0,8.0,9.0,28.9318
454,2016.0,9.0,20.0,2.0,3.0,101.21956
455,2016.0,9.0,20.0,0.0,1.0,149.27585
456,2016.0,9.0,20.0,22.0,23.0,49.70633
457,2016.0,9.0,20.0,19.0,20.0,35.31893
458,2016.0,9.0,21.0,5.0,6.0,36.74226
459,2016.0,9.0,21.0,6.0,7.0,33.56862
460,2016.0,9.0,20.0,7.0,8.0,30.26623
461,2016.0,9.0,20.0,12.0,13.0,29.10472
462,2016.0,9.0,20.0,14.0,15.0,35.65955
463,2016.0,9.0,20.0,17.0,18.0,32.11437
464,2016.0,9.0,20.0,21.0,22.0,39.75124
465,2016.0,9.0,20.0,15.0,16.0,34.03382
466,2016.0,9.0,20.0,23.0,0.0,54.14789
467,2016.0,9.0,21.0,1.0,2.0,63.13705
468,2016.0,9.0,21.0,4.0,5.0,42.161
469,2016.0,9.0,20.0,8.0,9.0,27.04162
470,2016.0,9.0,20.0,10.0,11.0,24.77444
471,2016.0,9.0,20.0,9.0,10.0,25.70817
472,2016.0,9.0,20.0,11.0,12.0,25.34671
473,2016.0,9.0,21.0,3.0,4.0,55.06907
474,2016.0,9.0,20.0,16.0,17.0,32.0259
475,2016.0,9.0,21.0,0.0,1.0,58.3714
476,2016.0,9.0,20.0,13.0,14.0,34.44257
477,2016.0,9.0,20.0,18.0,19.0,32.95146
478,2016.0,9.0,20.0,20.0,21.0,36.61481
479,2016.0,9.0,21.0,2.0,3.0,66.87278
480,2016.0,9.0,21.0,16.0,17.0,32.43246
481,2016.0,9.0,21.0,8.0,9.0,29.31175
482,2016.0,9.0,22.0,3.0,4.0,49.97623
483,2016.0,9.0,21.0,11.0,12.0,28.72725
484,2016.0,9.0,21.0,12.0,13.0,32.39377
485,2016.0,9.0,22.0,1.0,2.0,57.58497
486,2016.0,9.0,22.0,6.0,7.0,31.46503
487,2016.0,9.0,21.0,18.0,19.0,32.4518
488,2016.0,9.0,21.0,19.0,20.0,33.00476
489,2016.0,9.0,21.0,21.0,22.0,39.39804
490,2016.0,9.0,21.0,10.0,11.0,27.4273
491,2016.0,9.0,21.0,9.0,10.0,28.38246
492,2016.0,9.0,21.0,17.0,18.0,32.20019
493,2016.0,9.0,22.0,0.0,1.0,49.39614
494,2016.0,9.0,22.0,2.0,3.0,59.97933
495,2016.0,9.0,22.0,4.0,5.0,37.79759
496,2016.0,9.0,22.0,5.0,6.0,33.8616
497,2016.0,9.0,21.0,22.0,23.0,38.00955
498,2016.0,9.0,21.0,13.0,14.0,36.56904
499,2016.0,9.0,21.0,15.0,16.0,34.50698
500,2016.0,9.0,21.0,20.0,21.0,36.61221
501,2016.0,9.0,21.0,7.0,8.0,32.034
502,2016.0,9.0,21.0,14.0,15.0,37.7021
503,2016.0,9.0,21.0,23.0,0.0,41.18796
504,2016.0,9.0,22.0,9.0,10.0,26.81732
505,2016.0,9.0,22.0,16.0,17.0,22.08888
506,2016.0,9.0,22.0,15.0,16.0,27.7167
507,2016.0,9.0,22.0,8.0,9.0,26.82676
508,2016.0,9.0,23.0,3.0,4.0,43.71199
509,2016.0,9.0,23.0,6.0,7.0,29.42698
510,2016.0,9.0,22.0,12.0,13.0,31.0563
511,2016.0,9.0,22.0,19.0,20.0,19.50545
512,2016.0,9.0,22.0,21.0,22.0,26.09112
513,2016.0,9.0,22.0,18.0,19.0,19.80933
514,2016.0,9.0,22.0,11.0,12.0,27.35712
515,2016.0,9.0,23.0,2.0,3.0,50.62421
516,2016.0,9.0,23.0,4.0,5.0,35.21376
517,2016.0,9.0,22.0,7.0,8.0,29.13562
518,2016.0,9.0,22.0,13.0,14.0,33.67467
519,2016.0,9.0,22.0,14.0,15.0,33.43585
520,2016.0,9.0,22.0,17.0,18.0,19.87771
521,2016.0,9.0,22.0,22.0,23.0,27.47822
522,2016.0,9.0,22.0,23.0,0.0,28.94716
523,2016.0,9.0,23.0,0.0,1.0,33.96341
524,2016.0,9.0,23.0,1.0,2.0,41.73029
525,2016.0,9.0,23.0,5.0,6.0,33.01276
526,2016.0,9.0,22.0,20.0,21.0,22.79081
527,2016.0,9.0,22.0,10.0,11.0,26.72983
528,2016.0,9.0,23.0,20.0,21.0,27.62061
529,2016.0,9.0,24.0,2.0,3.0,53.98148
530,2016.0,9.0,23.0,21.0,22.0,29.86596
531,2016.0,9.0,23.0,15.0,16.0,28.93419
532,2016.0,9.0,23.0,12.0,13.0,31.79746
533,2016.0,9.0,23.0,11.0,12.0,27.17361
534,2016.0,9.0,23.0,17.0,18.0,26.11962
535,2016.0,9.0,23.0,18.0,19.0,27.10161
536,2016.0,9.0,23.0,10.0,11.0,25.84419
537,2016.0,9.0,24.0,0.0,1.0,41.53946
538,2016.0,9.0,23.0,19.0,20.0,27.53151
539,2016.0,9.0,23.0,14.0,15.0,35.34009
540,2016.0,9.0,23.0,8.0,9.0,25.78259
541,2016.0,9.0,24.0,6.0,7.0,33.10786
542,2016.0,9.0,24.0,1.0,2.0,46.0
543,2016.0,9.0,23.0,16.0,17.0,26.61326
544,2016.0,9.0,23.0,13.0,14.0,35.57854
545,2016.0,9.0,24.0,5.0,6.0,36.04023
546,2016.0,9.0,23.0,23.0,0.0,36.08316
547,2016.0,9.0,23.0,9.0,10.0,25.94189
548,2016.0,9.0,23.0,7.0,8.0,25.66237
549,2016.0,9.0,24.0,4.0,5.0,38.25838
550,2016.0,9.0,23.0,22.0,23.0,33.42
551,2016.0,9.0,24.0,3.0,4.0,44.63284
552,2016.0,9.0,25.0,3.0,4.0,51.43739
553,2016.0,9.0,24.0,19.0,20.0,22.87601
554,2016.0,9.0,24.0,17.0,18.0,12.94926
555,2016.0,9.0,24.0,9.0,10.0,29.658
556,2016.0,9.0,24.0,21.0,22.0,31.77325
557,2016.0,9.0,25.0,1.0,2.0,62.48836
558,2016.0,9.0,24.0,14.0,15.0,31.16206
559,2016.0,9.0,24.0,15.0,16.0,22.69842
560,2016.0,9.0,24.0,12.0,13.0,32.22691
561,2016.0,9.0,24.0,13.0,14.0,33.16979
562,2016.0,9.0,24.0,22.0,23.0,35.75525
563,2016.0,9.0,24.0,8.0,9.0,30.24678
564,2016.0,9.0,24.0,20.0,21.0,27.01228
565,2016.0,9.0,24.0,16.0,17.0,12.68228
566,2016.0,9.0,24.0,11.0,12.0,30.40844
567,2016.0,9.0,24.0,10.0,11.0,30.13711
568,2016.0,9.0,24.0,7.0,8.0,31.25874
569,2016.0,9.0,25.0,5.0,6.0,38.75282
570,2016.0,9.0,25.0,4.0,5.0,44.10443
571,2016.0,9.0,25.0,0.0,1.0,50.5454
572,2016.0,9.0,25.0,6.0,7.0,35.00888
573,2016.0,9.0,24.0,23.0,0.0,43.27923
574,2016.0,9.0,24.0,18.0,19.0,17.63268
575,2016.0,9.0,25.0,2.0,3.0,62.99286
576,2016.0,9.0,25.0,15.0,16.0,19.50419
577,2016.0,9.0,26.0,6.0,7.0,35.96066
578,2016.0,9.0,26.0,2.0,3.0,70.2786
579,2016.0,9.0,25.0,22.0,23.0,38.98571
580,2016.0,9.0,25.0,21.0,22.0,34.52633
581,2016.0,9.0,25.0,10.0,11.0,30.06554
582,2016.0,9.0,25.0,11.0,12.0,30.28554
583,2016.0,9.0,25.0,19.0,20.0,27.02778
584,2016.0,9.0,26.0,4.0,5.0,43.34676
585,2016.0,9.0,25.0,13.0,14.0,31.0514
586,2016.0,9.0,25.0,23.0,0.0,46.36998
587,2016.0,9.0,25.0,8.0,9.0,30.62599
588,2016.0,9.0,25.0,16.0,17.0,7.29247
589,2016.0,9.0,25.0,12.0,13.0,30.3178
590,2016.0,9.0,25.0,9.0,10.0,30.82198
591,2016.0,9.0,25.0,7.0,8.0,33.81223
592,2016.0,9.0,26.0,5.0,6.0,40.15298
593,2016.0,9.0,26.0,1.0,2.0,72.93068
594,2016.0,9.0,25.0,20.0,21.0,32.0631
595,2016.0,9.0,25.0,18.0,19.0,18.02953
596,2016.0,9.0,26.0,3.0,4.0,52.04856
597,2016.0,9.0,25.0,17.0,18.0,8.50114
598,2016.0,9.0,25.0,14.0,15.0,29.20151
599,2016.0,9.0,26.0,0.0,1.0,56.69943
600,2016.0,9.0,26.0,9.0,10.0,30.00707
601,2016.0,9.0,27.0,2.0,3.0,121.77314
602,2016.0,9.0,26.0,17.0,18.0,31.40621
603,2016.0,9.0,26.0,20.0,21.0,48.20139
604,2016.0,9.0,26.0,21.0,22.0,65.55749
605,2016.0,9.0,27.0,3.0,4.0,91.953
606,2016.0,9.0,27.0,6.0,7.0,37.62974
607,2016.0,9.0,27.0,5.0,6.0,40.87991
608,2016.0,9.0,26.0,14.0,15.0,36.61113
609,2016.0,9.0,27.0,4.0,5.0,66.40961
610,2016.0,9.0,26.0,8.0,9.0,30.49568
611,2016.0,9.0,26.0,16.0,17.0,30.35791
612,2016.0,9.0,26.0,18.0,19.0,34.2413
613,2016.0,9.0,26.0,19.0,20.0,36.32204
614,2016.0,9.0,26.0,22.0,23.0,77.41185
615,2016.0,9.0,27.0,0.0,1.0,145.29615
616,2016.0,9.0,26.0,7.0,8.0,32.67961
617,2016.0,9.0,26.0,23.0,0.0,125.70707
618,2016.0,9.0,27.0,1.0,2.0,145.62563
619,2016.0,9.0,26.0,11.0,12.0,29.81363
620,2016.0,9.0,26.0,15.0,16.0,32.40519
621,2016.0,9.0,26.0,10.0,11.0,29.21913
622,2016.0,9.0,26.0,12.0,13.0,33.63343
623,2016.0,9.0,26.0,13.0,14.0,36.86987
624,2016.0,9.0,27.0,9.0,10.0,28.43727
625,2016.0,9.0,27.0,8.0,9.0,30.60877
626,2016.0,9.0,27.0,17.0,18.0,32.36435
627,2016.0,9.0,28.0,5.0,6.0,37.67569
628,2016.0,9.0,28.0,4.0,5.0,44.36711
629,2016.0,9.0,28.0,1.0,2.0,110.86541
630,2016.0,9.0,27.0,20.0,21.0,40.68385
631,2016.0,9.0,27.0,19.0,20.0,38.97534
632,2016.0,9.0,27.0,10.0,11.0,27.18569
633,2016.0,9.0,27.0,16.0,17.0,32.16993
634,2016.0,9.0,27.0,13.0,14.0,35.55611
635,2016.0,9.0,28.0,6.0,7.0,34.57834
636,2016.0,9.0,28.0,2.0,3.0,108.20605
637,2016.0,9.0,28.0,0.0,1.0,99.3794
638,2016.0,9.0,27.0,14.0,15.0,36.68033
639,2016.0,9.0,27.0,21.0,22.0,43.06822
640,2016.0,9.0,27.0,12.0,13.0,30.57969
641,2016.0,9.0,27.0,15.0,16.0,33.21662
642,2016.0,9.0,27.0,11.0,12.0,27.51074
643,2016.0,9.0,27.0,23.0,0.0,78.75707
644,2016.0,9.0,27.0,22.0,23.0,48.30926
645,2016.0,9.0,27.0,7.0,8.0,33.35323
646,2016.0,9.0,27.0,18.0,19.0,34.66989
647,2016.0,9.0,28.0,3.0,4.0,80.1522
648,2016.0,9.0,29.0,2.0,3.0,55.65082
649,2016.0,9.0,28.0,13.0,14.0,35.08988
650,2016.0,9.0,28.0,21.0,22.0,43.08168
651,2016.0,9.0,28.0,10.0,11.0,27.62958
652,2016.0,9.0,29.0,3.0,4.0,47.09003
653,2016.0,9.0,28.0,18.0,19.0,33.18417
654,2016.0,9.0,28.0,16.0,17.0,31.66004
655,2016.0,9.0,29.0,0.0,1.0,53.14241
656,2016.0,9.0,28.0,22.0,23.0,44.27617
657,2016.0,9.0,28.0,8.0,9.0,30.21742
658,2016.0,9.0,29.0,5.0,6.0,36.27374
659,2016.0,9.0,28.0,20.0,21.0,39.78779
660,2016.0,9.0,28.0,9.0,10.0,28.19257
661,2016.0,9.0,28.0,7.0,8.0,32.44846
662,2016.0,9.0,29.0,6.0,7.0,33.90241
663,2016.0,9.0,29.0,4.0,5.0,39.26712
664,2016.0,9.0,28.0,23.0,0.0,48.66039
665,2016.0,9.0,28.0,19.0,20.0,36.4238
666,2016.0,9.0,28.0,12.0,13.0,31.13602
667,2016.0,9.0,29.0,1.0,2.0,62.80861
668,2016.0,9.0,28.0,17.0,18.0,31.66341
669,2016.0,9.0,28.0,15.0,16.0,32.78541
670,2016.0,9.0,28.0,14.0,15.0,35.36068
671,2016.0,9.0,28.0,11.0,12.0,28.4488
672,2016.0,9.0,30.0,3.0,4.0,44.82618
673,2016.0,9.0,29.0,11.0,12.0,26.66454
674,2016.0,9.0,29.0,10.0,11.0,25.66468
675,2016.0,9.0,29.0,21.0,22.0,27.0353
676,2016.0,9.0,29.0,19.0,20.0,25.20347
677,2016.0,9.0,29.0,14.0,15.0,34.11258
678,2016.0,9.0,30.0,5.0,6.0,33.67249
679,2016.0,9.0,29.0,15.0,16.0,29.37726
680,2016.0,9.0,29.0,13.0,14.0,33.70578
681,2016.0,9.0,29.0,12.0,13.0,29.29742
682,2016.0,9.0,29.0,18.0,19.0,24.53282
683,2016.0,9.0,30.0,6.0,7.0,30.92988
684,2016.0,9.0,30.0,1.0,2.0,53.34797
685,2016.0,9.0,30.0,0.0,1.0,43.05738
686,2016.0,9.0,29.0,23.0,0.0,36.16628
687,2016.0,9.0,29.0,7.0,8.0,29.4783
688,2016.0,9.0,29.0,20.0,21.0,27.52012
689,2016.0,9.0,29.0,16.0,17.0,26.83948
690,2016.0,9.0,29.0,9.0,10.0,26.56376
691,2016.0,9.0,29.0,8.0,9.0,27.61492
692,2016.0,9.0,29.0,22.0,23.0,27.334
693,2016.0,9.0,30.0,4.0,5.0,36.51394
694,2016.0,9.0,29.0,17.0,18.0,24.64172
695,2016.0,9.0,30.0,2.0,3.0,53.01871
696,2016.0,10.0,1.0,4.0,5.0,33.41245
697,2016.0,9.0,30.0,15.0,16.0,29.18338
698,2016.0,9.0,30.0,17.0,18.0,27.02476
699,2016.0,9.0,30.0,18.0,19.0,28.24113
700,2016.0,9.0,30.0,19.0,20.0,29.12242
701,2016.0,10.0,1.0,3.0,4.0,40.60614
702,2016.0,9.0,30.0,16.0,17.0,27.0131
703,2016.0,9.0,30.0,11.0,12.0,24.66633
704,2016.0,9.0,30.0,21.0,22.0,31.54732
705,2016.0,9.0,30.0,23.0,0.0,34.30326
706,2016.0,10.0,1.0,5.0,6.0,31.93032
707,2016.0,10.0,1.0,2.0,3.0,49.98529
708,2016.0,10.0,1.0,6.0,7.0,29.40682
709,2016.0,9.0,30.0,7.0,8.0,24.39127
710,2016.0,9.0,30.0,8.0,9.0,24.27835
711,2016.0,9.0,30.0,14.0,15.0,34.13136
712,2016.0,9.0,30.0,20.0,21.0,30.09486
713,2016.0,9.0,30.0,22.0,23.0,33.49675
714,2016.0,9.0,30.0,10.0,11.0,24.14057
715,2016.0,9.0,30.0,13.0,14.0,32.05646
716,2016.0,10.0,1.0,0.0,1.0,39.86318
717,2016.0,10.0,1.0,1.0,2.0,46.91653
718,2016.0,9.0,30.0,12.0,13.0,28.01896
719,2016.0,9.0,30.0,9.0,10.0,24.39747
720,2016.0,10.0,1.0,8.0,9.0,27.3859
721,2016.0,10.0,2.0,1.0,2.0,48.82365
722,2016.0,10.0,1.0,12.0,13.0,28.0629
723,2016.0,10.0,2.0,6.0,7.0,29.88183
724,2016.0,10.0,1.0,22.0,23.0,29.74238
725,2016.0,10.0,1.0,18.0,19.0,22.30992
726,2016.0,10.0,1.0,13.0,14.0,32.52463
727,2016.0,10.0,1.0,14.0,15.0,32.08502
728,2016.0,10.0,1.0,17.0,18.0,19.23767
729,2016.0,10.0,1.0,16.0,17.0,17.95506
730,2016.0,10.0,2.0,4.0,5.0,36.26344
731,2016.0,10.0,2.0,2.0,3.0,52.11138
732,2016.0,10.0,2.0,0.0,1.0,38.95525
733,2016.0,10.0,1.0,23.0,0.0,32.45353
734,2016.0,10.0,1.0,21.0,22.0,27.64665
735,2016.0,10.0,1.0,20.0,21.0,25.89782
736,2016.0,10.0,1.0,19.0,20.0,25.24999
737,2016.0,10.0,1.0,15.0,16.0,22.99288
738,2016.0,10.0,1.0,9.0,10.0,27.35108
739,2016.0,10.0,1.0,7.0,8.0,30.18245
740,2016.0,10.0,2.0,3.0,4.0,41.33885
741,2016.0,10.0,1.0,11.0,12.0,26.11396
742,2016.0,10.0,1.0,10.0,11.0,26.36124
743,2016.0,10.0,2.0,5.0,6.0,33.88185
744,2016.0,8.0,2.0,4.0,5.0,41.90164
745,2016.0,8.0,1.0,17.0,18.0,31.55704
746,2016.0,8.0,1.0,19.0,20.0,35.11045
747,2016.0,8.0,1.0,23.0,0.0,47.99227
748,2016.0,8.0,1.0,10.0,11.0,25.87277
749,2016.0,8.0,1.0,9.0,10.0,26.16496
750,2016.0,8.0,1.0,8.0,9.0,27.31495
751,2016.0,8.0,1.0,15.0,16.0,29.64734
752,2016.0,8.0,2.0,3.0,4.0,51.08851
753,2016.0,8.0,1.0,16.0,17.0,29.8816
754,2016.0,8.0,1.0,11.0,12.0,26.57588
755,2016.0,8.0,2.0,1.0,2.0,60.62624
756,2016.0,8.0,1.0,21.0,22.0,38.00314
757,2016.0,8.0,1.0,12.0,13.0,28.11435
758,2016.0,8.0,2.0,6.0,7.0,33.26723
759,2016.0,8.0,1.0,22.0,23.0,42.03661
760,2016.0,8.0,2.0,5.0,6.0,38.51459
761,2016.0,8.0,2.0,0.0,1.0,49.01292
762,2016.0,8.0,1.0,13.0,14.0,31.04026
763,2016.0,8.0,1.0,7.0,8.0,29.0565
764,2016.0,8.0,2.0,2.0,3.0,60.2327
765,2016.0,8.0,1.0,20.0,21.0,37.98426
766,2016.0,8.0,1.0,18.0,19.0,33.29156
767,2016.0,8.0,1.0,14.0,15.0,31.36981
768,2016.0,8.0,2.0,7.0,8.0,28.93343
769,2016.0,8.0,3.0,5.0,6.0,36.86096
770,2016.0,8.0,2.0,23.0,0.0,45.66806
771,2016.0,8.0,3.0,3.0,4.0,49.66443
772,2016.0,8.0,3.0,6.0,7.0,32.55167
773,2016.0,8.0,2.0,16.0,17.0,28.96363
774,2016.0,8.0,2.0,10.0,11.0,25.85545
775,2016.0,8.0,2.0,11.0,12.0,26.37755
776,2016.0,8.0,2.0,19.0,20.0,33.00265
777,2016.0,8.0,2.0,22.0,23.0,41.41746
778,2016.0,8.0,3.0,2.0,3.0,56.62256
779,2016.0,8.0,2.0,13.0,14.0,29.99943
780,2016.0,8.0,2.0,14.0,15.0,30.22426
781,2016.0,8.0,3.0,0.0,1.0,48.03574
782,2016.0,8.0,2.0,12.0,13.0,28.08206
783,2016.0,8.0,2.0,20.0,21.0,35.79168
784,2016.0,8.0,2.0,17.0,18.0,30.87527
785,2016.0,8.0,3.0,1.0,2.0,57.86527
786,2016.0,8.0,3.0,4.0,5.0,40.893
787,2016.0,8.0,2.0,8.0,9.0,26.12019
788,2016.0,8.0,2.0,9.0,10.0,26.19163
789,2016.0,8.0,2.0,18.0,19.0,33.24707
790,2016.0,8.0,2.0,21.0,22.0,36.97823
791,2016.0,8.0,2.0,15.0,16.0,28.16634
792,2016.0,8.0,3.0,17.0,18.0,31.59269
793,2016.0,8.0,3.0,14.0,15.0,30.30396
794,2016.0,8.0,4.0,2.0,3.0,56.60142
795,2016.0,8.0,3.0,23.0,0.0,45.95918
796,2016.0,8.0,4.0,0.0,1.0,47.06181
797,2016.0,8.0,4.0,3.0,4.0,51.93071
798,2016.0,8.0,4.0,6.0,7.0,31.83937
799,2016.0,8.0,3.0,8.0,9.0,26.13104
800,2016.0,8.0,3.0,12.0,13.0,27.03762
801,2016.0,8.0,3.0,19.0,20.0,36.06773
802,2016.0,8.0,3.0,20.0,21.0,37.87772
803,2016.0,8.0,3.0,21.0,22.0,40.47959
804,2016.0,8.0,3.0,22.0,23.0,43.52734
805,2016.0,8.0,4.0,4.0,5.0,40.29197
806,2016.0,8.0,4.0,5.0,6.0,34.52766
807,2016.0,8.0,3.0,7.0,8.0,27.95381
808,2016.0,8.0,3.0,9.0,10.0,25.60046
809,2016.0,8.0,3.0,16.0,17.0,30.1394
810,2016.0,8.0,3.0,10.0,11.0,25.40987
811,2016.0,8.0,3.0,15.0,16.0,29.10054
812,2016.0,8.0,3.0,18.0,19.0,33.25842
813,2016.0,8.0,3.0,11.0,12.0,25.56979
814,2016.0,8.0,3.0,13.0,14.0,30.44975
815,2016.0,8.0,4.0,1.0,2.0,56.97975
816,2016.0,8.0,4.0,22.0,23.0,43.40768
817,2016.0,8.0,4.0,7.0,8.0,28.8075
818,2016.0,8.0,4.0,13.0,14.0,31.04718
819,2016.0,8.0,4.0,9.0,10.0,26.75309
820,2016.0,8.0,5.0,6.0,7.0,32.52264
821,2016.0,8.0,5.0,4.0,5.0,41.66342
822,2016.0,8.0,5.0,1.0,2.0,55.24477
823,2016.0,8.0,4.0,18.0,19.0,33.50613
824,2016.0,8.0,4.0,21.0,22.0,41.13877
825,2016.0,8.0,4.0,19.0,20.0,36.38441
826,2016.0,8.0,4.0,11.0,12.0,26.76407
827,2016.0,8.0,4.0,12.0,13.0,27.85292
828,2016.0,8.0,4.0,23.0,0.0,45.55355
829,2016.0,8.0,5.0,0.0,1.0,46.51903
830,2016.0,8.0,4.0,17.0,18.0,30.53368
831,2016.0,8.0,4.0,16.0,17.0,29.43542
832,2016.0,8.0,4.0,20.0,21.0,38.22629
833,2016.0,8.0,4.0,14.0,15.0,30.90915
834,2016.0,8.0,4.0,10.0,11.0,26.43187
835,2016.0,8.0,5.0,3.0,4.0,49.32355
836,2016.0,8.0,4.0,8.0,9.0,27.42152
837,2016.0,8.0,5.0,5.0,6.0,35.90734
838,2016.0,8.0,5.0,2.0,3.0,56.12839
839,2016.0,8.0,4.0,15.0,16.0,29.3082
840,2016.0,8.0,5.0,13.0,14.0,30.36356
841,2016.0,8.0,5.0,8.0,9.0,27.03077
842,2016.0,8.0,5.0,19.0,20.0,31.61923
843,2016.0,8.0,6.0,0.0,1.0,44.63216
844,2016.0,8.0,5.0,16.0,17.0,28.23559
845,2016.0,8.0,5.0,20.0,21.0,32.74456
846,2016.0,8.0,6.0,2.0,3.0,53.58446
847,2016.0,8.0,5.0,9.0,10.0,27.40708
848,2016.0,8.0,5.0,15.0,16.0,27.95688
849,2016.0,8.0,6.0,5.0,6.0,36.9131
850,2016.0,8.0,6.0,6.0,7.0,32.18411
851,2016.0,8.0,5.0,11.0,12.0,27.49044
852,2016.0,8.0,5.0,18.0,19.0,29.75243
853,2016.0,8.0,5.0,21.0,22.0,35.48695
854,2016.0,8.0,5.0,22.0,23.0,41.42461
855,2016.0,8.0,5.0,7.0,8.0,27.90558
856,2016.0,8.0,5.0,23.0,0.0,42.4507
857,2016.0,8.0,6.0,1.0,2.0,50.90633
858,2016.0,8.0,6.0,3.0,4.0,50.21866
859,2016.0,8.0,6.0,4.0,5.0,42.14553
860,2016.0,8.0,5.0,10.0,11.0,26.26778
861,2016.0,8.0,5.0,12.0,13.0,27.85482
862,2016.0,8.0,5.0,14.0,15.0,29.48262
863,2016.0,8.0,5.0,17.0,18.0,28.20603
864,2016.0,8.0,7.0,5.0,6.0,35.33083
865,2016.0,8.0,7.0,1.0,2.0,44.95388
866,2016.0,8.0,6.0,9.0,10.0,28.28297
867,2016.0,8.0,6.0,20.0,21.0,28.04836
868,2016.0,8.0,7.0,0.0,1.0,39.59265
869,2016.0,8.0,6.0,19.0,20.0,27.31512
870,2016.0,8.0,6.0,23.0,0.0,35.20715
871,2016.0,8.0,7.0,3.0,4.0,45.49057
872,2016.0,8.0,6.0,10.0,11.0,28.11611
873,2016.0,8.0,6.0,14.0,15.0,26.76699
874,2016.0,8.0,6.0,16.0,17.0,25.02869
875,2016.0,8.0,6.0,18.0,19.0,27.09659
876,2016.0,8.0,6.0,22.0,23.0,33.15985
877,2016.0,8.0,7.0,2.0,3.0,49.81124
878,2016.0,8.0,6.0,7.0,8.0,30.08588
879,2016.0,8.0,6.0,12.0,13.0,28.63389
880,2016.0,8.0,6.0,15.0,16.0,25.41611
881,2016.0,8.0,6.0,11.0,12.0,27.99131
882,2016.0,8.0,6.0,13.0,14.0,28.7615
883,2016.0,8.0,6.0,17.0,18.0,25.83588
884,2016.0,8.0,6.0,8.0,9.0,28.2011
885,2016.0,8.0,7.0,4.0,5.0,37.94463
886,2016.0,8.0,6.0,21.0,22.0,30.00216
887,2016.0,8.0,7.0,6.0,7.0,32.01589
888,2016.0,8.0,8.0,6.0,7.0,29.60263
889,2016.0,8.0,7.0,15.0,16.0,22.49458
890,2016.0,8.0,7.0,18.0,19.0,24.89399
891,2016.0,8.0,7.0,21.0,22.0,27.54881
892,2016.0,8.0,8.0,3.0,4.0,47.35551
893,2016.0,8.0,7.0,16.0,17.0,20.29665
894,2016.0,8.0,7.0,17.0,18.0,23.32331
895,2016.0,8.0,7.0,20.0,21.0,26.66331
896,2016.0,8.0,7.0,22.0,23.0,30.41216
897,2016.0,8.0,7.0,14.0,15.0,24.77376
898,2016.0,8.0,7.0,19.0,20.0,25.77219
899,2016.0,8.0,7.0,23.0,0.0,33.13704
900,2016.0,8.0,8.0,0.0,1.0,36.7394
901,2016.0,8.0,7.0,7.0,8.0,29.15849
902,2016.0,8.0,7.0,10.0,11.0,27.24242
903,2016.0,8.0,7.0,9.0,10.0,27.68019
904,2016.0,8.0,7.0,11.0,12.0,26.96684
905,2016.0,8.0,7.0,12.0,13.0,27.61357
906,2016.0,8.0,8.0,4.0,5.0,37.0686
907,2016.0,8.0,8.0,5.0,6.0,33.32709
908,2016.0,8.0,8.0,1.0,2.0,43.27914
909,2016.0,8.0,7.0,8.0,9.0,27.85465
910,2016.0,8.0,7.0,13.0,14.0,26.57603
911,2016.0,8.0,8.0,2.0,3.0,50.81632
912,2016.0,8.0,8.0,10.0,11.0,25.68556
913,2016.0,8.0,8.0,17.0,18.0,28.31025
914,2016.0,8.0,8.0,18.0,19.0,29.78293
915,2016.0,8.0,9.0,4.0,5.0,42.47201
916,2016.0,8.0,8.0,22.0,23.0,41.61638
917,2016.0,8.0,8.0,13.0,14.0,28.61969
918,2016.0,8.0,8.0,9.0,10.0,25.83702
919,2016.0,8.0,8.0,16.0,17.0,27.57994
920,2016.0,8.0,8.0,11.0,12.0,26.12339
921,2016.0,8.0,8.0,7.0,8.0,27.91672
922,2016.0,8.0,9.0,3.0,4.0,55.05465
923,2016.0,8.0,8.0,20.0,21.0,33.92461
924,2016.0,8.0,8.0,8.0,9.0,26.57105
925,2016.0,8.0,9.0,0.0,1.0,45.32428
926,2016.0,8.0,8.0,19.0,20.0,30.87304
927,2016.0,8.0,8.0,12.0,13.0,27.83564
928,2016.0,8.0,9.0,5.0,6.0,34.83709
929,2016.0,8.0,9.0,1.0,2.0,52.05491
930,2016.0,8.0,8.0,23.0,0.0,43.84582
931,2016.0,8.0,8.0,14.0,15.0,28.49642
932,2016.0,8.0,9.0,6.0,7.0,31.06922
933,2016.0,8.0,9.0,2.0,3.0,57.53056
934,2016.0,8.0,8.0,21.0,22.0,36.68952
935,2016.0,8.0,8.0,15.0,16.0,28.02916
936,2016.0,8.0,9.0,9.0,10.0,26.99811
937,2016.0,8.0,10.0,5.0,6.0,35.72769
938,2016.0,8.0,10.0,2.0,3.0,55.1796
939,2016.0,8.0,9.0,7.0,8.0,29.43323
940,2016.0,8.0,9.0,13.0,14.0,30.65522
941,2016.0,8.0,9.0,12.0,13.0,28.9808
942,2016.0,8.0,9.0,18.0,19.0,25.7431
943,2016.0,8.0,9.0,23.0,0.0,38.27055
944,2016.0,8.0,10.0,1.0,2.0,48.73502
945,2016.0,8.0,9.0,8.0,9.0,27.07149
946,2016.0,8.0,9.0,10.0,11.0,27.16898
947,2016.0,8.0,9.0,15.0,16.0,25.4373
948,2016.0,8.0,9.0,20.0,21.0,28.18717
949,2016.0,8.0,10.0,0.0,1.0,41.52192
950,2016.0,8.0,9.0,22.0,23.0,33.32019
951,2016.0,8.0,10.0,3.0,4.0,53.70012
952,2016.0,8.0,10.0,6.0,7.0,33.11633
953,2016.0,8.0,9.0,16.0,17.0,24.42531
954,2016.0,8.0,9.0,19.0,20.0,26.74991
955,2016.0,8.0,9.0,21.0,22.0,30.0476
956,2016.0,8.0,10.0,4.0,5.0,42.70862
957,2016.0,8.0,9.0,11.0,12.0,27.1789
958,2016.0,8.0,9.0,17.0,18.0,24.67596
959,2016.0,8.0,9.0,14.0,15.0,29.41921
960,2016.0,8.0,10.0,18.0,19.0,28.49226
961,2016.0,8.0,10.0,9.0,10.0,26.9763
962,2016.0,8.0,10.0,12.0,13.0,28.46426
963,2016.0,8.0,10.0,15.0,16.0,27.46838
964,2016.0,8.0,11.0,4.0,5.0,40.84555
965,2016.0,8.0,10.0,8.0,9.0,27.57147
966,2016.0,8.0,10.0,14.0,15.0,29.79565
967,2016.0,8.0,11.0,0.0,1.0,40.69568
968,2016.0,8.0,11.0,6.0,7.0,32.01092
969,2016.0,8.0,10.0,13.0,14.0,30.77351
970,2016.0,8.0,10.0,16.0,17.0,27.56674
971,2016.0,8.0,10.0,20.0,21.0,30.11317
972,2016.0,8.0,11.0,1.0,2.0,45.30739
973,2016.0,8.0,10.0,17.0,18.0,27.49744
974,2016.0,8.0,10.0,19.0,20.0,29.4776
975,2016.0,8.0,11.0,2.0,3.0,52.30409
976,2016.0,8.0,11.0,3.0,4.0,52.40963
977,2016.0,8.0,10.0,7.0,8.0,29.04578
978,2016.0,8.0,10.0,10.0,11.0,26.67446
979,2016.0,8.0,10.0,21.0,22.0,32.62109
980,2016.0,8.0,10.0,22.0,23.0,36.58162
981,2016.0,8.0,10.0,23.0,0.0,39.88896
982,2016.0,8.0,11.0,5.0,6.0,34.18191
983,2016.0,8.0,10.0,11.0,12.0,27.4079
984,2016.0,8.0,11.0,16.0,17.0,27.45206
985,2016.0,8.0,11.0,15.0,16.0,28.02828
986,2016.0,8.0,11.0,13.0,14.0,31.40981
987,2016.0,8.0,11.0,19.0,20.0,30.75688
988,2016.0,8.0,12.0,5.0,6.0,35.86637
989,2016.0,8.0,11.0,12.0,13.0,29.27876
990,2016.0,8.0,11.0,14.0,15.0,30.66972
991,2016.0,8.0,11.0,9.0,10.0,27.06883
992,2016.0,8.0,11.0,10.0,11.0,26.92
993,2016.0,8.0,12.0,4.0,5.0,42.03194
994,2016.0,8.0,11.0,7.0,8.0,30.15344
995,2016.0,8.0,12.0,0.0,1.0,44.06433
996,2016.0,8.0,11.0,23.0,0.0,42.70987
997,2016.0,8.0,11.0,22.0,23.0,39.40772
998,2016.0,8.0,11.0,21.0,22.0,36.03379
999,2016.0,8.0,11.0,20.0,21.0,33.49276
1000,2016.0,8.0,12.0,6.0,7.0,32.64991
1001,2016.0,8.0,11.0,17.0,18.0,27.66415
1002,2016.0,8.0,12.0,1.0,2.0,51.23713
1003,2016.0,8.0,11.0,11.0,12.0,27.36766
1004,2016.0,8.0,11.0,8.0,9.0,27.87425
1005,2016.0,8.0,12.0,3.0,4.0,56.98016
1006,2016.0,8.0,12.0,2.0,3.0,61.06872
1007,2016.0,8.0,11.0,18.0,19.0,29.15578
1008,2016.0,8.0,13.0,4.0,5.0,40.51345
1009,2016.0,8.0,12.0,8.0,9.0,29.02942
1010,2016.0,8.0,12.0,12.0,13.0,29.82369
1011,2016.0,8.0,12.0,21.0,22.0,41.08267
1012,2016.0,8.0,12.0,23.0,0.0,48.22834
1013,2016.0,8.0,12.0,16.0,17.0,28.0765
1014,2016.0,8.0,12.0,17.0,18.0,29.61771
1015,2016.0,8.0,12.0,19.0,20.0,32.86003
1016,2016.0,8.0,12.0,14.0,15.0,31.5493
1017,2016.0,8.0,13.0,2.0,3.0,56.88385
1018,2016.0,8.0,13.0,6.0,7.0,32.48386
1019,2016.0,8.0,12.0,11.0,12.0,27.57335
1020,2016.0,8.0,12.0,18.0,19.0,31.51536
1021,2016.0,8.0,13.0,3.0,4.0,56.74543
1022,2016.0,8.0,12.0,9.0,10.0,27.93061
1023,2016.0,8.0,12.0,20.0,21.0,37.65376
1024,2016.0,8.0,13.0,0.0,1.0,50.63823
1025,2016.0,8.0,12.0,13.0,14.0,32.45269
1026,2016.0,8.0,13.0,5.0,6.0,35.50354
1027,2016.0,8.0,12.0,7.0,8.0,31.29886
1028,2016.0,8.0,12.0,10.0,11.0,27.06008
1029,2016.0,8.0,12.0,15.0,16.0,29.09891
1030,2016.0,8.0,12.0,22.0,23.0,42.25418
1031,2016.0,8.0,13.0,1.0,2.0,56.16649
1032,2016.0,8.0,14.0,5.0,6.0,38.38788
1033,2016.0,8.0,13.0,17.0,18.0,29.74188
1034,2016.0,8.0,13.0,14.0,15.0,28.82934
1035,2016.0,8.0,13.0,21.0,22.0,39.54224
1036,2016.0,8.0,13.0,23.0,0.0,48.33474
1037,2016.0,8.0,14.0,2.0,3.0,56.03246
1038,2016.0,8.0,13.0,11.0,12.0,27.39298
1039,2016.0,8.0,13.0,13.0,14.0,29.25145
1040,2016.0,8.0,14.0,3.0,4.0,46.83908
1041,2016.0,8.0,14.0,4.0,5.0,40.96273
1042,2016.0,8.0,14.0,6.0,7.0,33.6458
1043,2016.0,8.0,14.0,1.0,2.0,55.01327
1044,2016.0,8.0,13.0,8.0,9.0,29.30982
1045,2016.0,8.0,13.0,22.0,23.0,43.50203
1046,2016.0,8.0,14.0,0.0,1.0,50.66569
1047,2016.0,8.0,13.0,7.0,8.0,32.7604
1048,2016.0,8.0,13.0,18.0,19.0,31.32827
1049,2016.0,8.0,13.0,20.0,21.0,36.78559
1050,2016.0,8.0,13.0,9.0,10.0,28.48202
1051,2016.0,8.0,13.0,16.0,17.0,28.38313
1052,2016.0,8.0,13.0,19.0,20.0,34.28707
1053,2016.0,8.0,13.0,10.0,11.0,27.39774
1054,2016.0,8.0,13.0,15.0,16.0,26.92811
1055,2016.0,8.0,13.0,12.0,13.0,28.30694
1056,2016.0,8.0,14.0,22.0,23.0,42.71893
1057,2016.0,8.0,14.0,23.0,0.0,47.43983
1058,2016.0,8.0,14.0,7.0,8.0,33.1511
1059,2016.0,8.0,15.0,6.0,7.0,35.42912
1060,2016.0,8.0,14.0,18.0,19.0,31.49621
1061,2016.0,8.0,15.0,3.0,4.0,52.22399
1062,2016.0,8.0,15.0,1.0,2.0,58.03481
1063,2016.0,8.0,14.0,12.0,13.0,28.36832
1064,2016.0,8.0,15.0,4.0,5.0,43.3165
1065,2016.0,8.0,14.0,11.0,12.0,27.90528
1066,2016.0,8.0,15.0,2.0,3.0,62.48576
1067,2016.0,8.0,14.0,10.0,11.0,28.48348
1068,2016.0,8.0,15.0,0.0,1.0,52.20035
1069,2016.0,8.0,14.0,8.0,9.0,30.56444
1070,2016.0,8.0,14.0,13.0,14.0,27.48129
1071,2016.0,8.0,14.0,21.0,22.0,39.46894
1072,2016.0,8.0,14.0,20.0,21.0,36.07078
1073,2016.0,8.0,14.0,16.0,17.0,25.89738
1074,2016.0,8.0,14.0,15.0,16.0,24.31573
1075,2016.0,8.0,14.0,19.0,20.0,35.75929
1076,2016.0,8.0,14.0,14.0,15.0,26.13245
1077,2016.0,8.0,14.0,17.0,18.0,28.5212
1078,2016.0,8.0,15.0,5.0,6.0,38.61235
1079,2016.0,8.0,14.0,9.0,10.0,29.56171
1080,2016.0,8.0,15.0,7.0,8.0,31.76953
1081,2016.0,8.0,16.0,0.0,1.0,64.08599
1082,2016.0,8.0,15.0,19.0,20.0,40.7739
1083,2016.0,8.0,15.0,11.0,12.0,27.53115
1084,2016.0,8.0,15.0,9.0,10.0,28.00753
1085,2016.0,8.0,15.0,10.0,11.0,27.20693
1086,2016.0,8.0,16.0,4.0,5.0,45.13425
1087,2016.0,8.0,16.0,5.0,6.0,39.3032
1088,2016.0,8.0,15.0,22.0,23.0,52.39436
1089,2016.0,8.0,15.0,21.0,22.0,47.94645
1090,2016.0,8.0,15.0,18.0,19.0,37.04858
1091,2016.0,8.0,15.0,20.0,21.0,45.09033
1092,2016.0,8.0,15.0,23.0,0.0,59.87101
1093,2016.0,8.0,15.0,14.0,15.0,32.33903
1094,2016.0,8.0,15.0,16.0,17.0,31.85686
1095,2016.0,8.0,16.0,3.0,4.0,56.26912
1096,2016.0,8.0,16.0,2.0,3.0,71.45443
1097,2016.0,8.0,15.0,12.0,13.0,28.28401
1098,2016.0,8.0,15.0,13.0,14.0,32.08148
1099,2016.0,8.0,15.0,15.0,16.0,31.05647
1100,2016.0,8.0,15.0,17.0,18.0,33.9526
1101,2016.0,8.0,15.0,8.0,9.0,29.5214
1102,2016.0,8.0,16.0,1.0,2.0,69.06202
1103,2016.0,8.0,16.0,6.0,7.0,35.24074
1104,2016.0,8.0,16.0,9.0,10.0,28.32841
1105,2016.0,8.0,17.0,6.0,7.0,38.17433
1106,2016.0,8.0,16.0,21.0,22.0,48.91101
1107,2016.0,8.0,16.0,23.0,0.0,62.50359
1108,2016.0,8.0,17.0,4.0,5.0,48.72826
1109,2016.0,8.0,16.0,8.0,9.0,29.89976
1110,2016.0,8.0,16.0,11.0,12.0,28.38959
1111,2016.0,8.0,16.0,13.0,14.0,34.36338
1112,2016.0,8.0,16.0,14.0,15.0,34.02476
1113,2016.0,8.0,16.0,15.0,16.0,31.84142
1114,2016.0,8.0,16.0,7.0,8.0,32.52076
1115,2016.0,8.0,16.0,16.0,17.0,32.74211
1116,2016.0,8.0,16.0,19.0,20.0,41.36128
1117,2016.0,8.0,16.0,22.0,23.0,53.36174
1118,2016.0,8.0,17.0,3.0,4.0,54.52884
1119,2016.0,8.0,17.0,0.0,1.0,67.25123
1120,2016.0,8.0,16.0,10.0,11.0,27.87152
1121,2016.0,8.0,16.0,12.0,13.0,29.40954
1122,2016.0,8.0,17.0,1.0,2.0,73.16489
1123,2016.0,8.0,16.0,18.0,19.0,37.2794
1124,2016.0,8.0,16.0,17.0,18.0,35.35438
1125,2016.0,8.0,17.0,2.0,3.0,72.42266
1126,2016.0,8.0,17.0,5.0,6.0,41.3206
1127,2016.0,8.0,16.0,20.0,21.0,45.72
1128,2016.0,8.0,18.0,6.0,7.0,37.09056
1129,2016.0,8.0,17.0,17.0,18.0,33.04206
1130,2016.0,8.0,18.0,1.0,2.0,96.21972
1131,2016.0,8.0,17.0,9.0,10.0,27.94299
1132,2016.0,8.0,17.0,21.0,22.0,57.88994
1133,2016.0,8.0,18.0,4.0,5.0,60.56612
1134,2016.0,8.0,18.0,5.0,6.0,41.22823
1135,2016.0,8.0,17.0,23.0,0.0,87.94615
1136,2016.0,8.0,17.0,11.0,12.0,27.9478
1137,2016.0,8.0,17.0,14.0,15.0,32.14432
1138,2016.0,8.0,17.0,20.0,21.0,55.75215
1139,2016.0,8.0,17.0,22.0,23.0,71.44512
1140,2016.0,8.0,17.0,7.0,8.0,31.89623
1141,2016.0,8.0,17.0,10.0,11.0,27.80327
1142,2016.0,8.0,18.0,0.0,1.0,91.38926
1143,2016.0,8.0,17.0,8.0,9.0,29.91439
1144,2016.0,8.0,17.0,15.0,16.0,30.13137
1145,2016.0,8.0,17.0,16.0,17.0,31.15959
1146,2016.0,8.0,17.0,18.0,19.0,45.91839
1147,2016.0,8.0,18.0,3.0,4.0,86.50061
1148,2016.0,8.0,17.0,12.0,13.0,29.35351
1149,2016.0,8.0,17.0,13.0,14.0,32.74381
1150,2016.0,8.0,17.0,19.0,20.0,50.09685
1151,2016.0,8.0,18.0,2.0,3.0,94.35094
1152,2016.0,8.0,19.0,3.0,4.0,64.17133
1153,2016.0,8.0,18.0,13.0,14.0,35.7358
1154,2016.0,8.0,18.0,9.0,10.0,28.5426
1155,2016.0,8.0,18.0,8.0,9.0,30.2356
1156,2016.0,8.0,18.0,22.0,23.0,52.70068
1157,2016.0,8.0,18.0,18.0,19.0,36.24797
1158,2016.0,8.0,19.0,6.0,7.0,35.32551
1159,2016.0,8.0,18.0,17.0,18.0,33.44217
1160,2016.0,8.0,18.0,10.0,11.0,27.63514
1161,2016.0,8.0,18.0,19.0,20.0,38.80817
1162,2016.0,8.0,18.0,15.0,16.0,31.87735
1163,2016.0,8.0,18.0,12.0,13.0,30.06498
1164,2016.0,8.0,18.0,7.0,8.0,33.30074
1165,2016.0,8.0,19.0,5.0,6.0,38.17388
1166,2016.0,8.0,19.0,1.0,2.0,75.12728
1167,2016.0,8.0,19.0,0.0,1.0,66.89462
1168,2016.0,8.0,18.0,23.0,0.0,60.72113
1169,2016.0,8.0,18.0,21.0,22.0,46.07251
1170,2016.0,8.0,18.0,20.0,21.0,41.33079
1171,2016.0,8.0,18.0,11.0,12.0,28.92924
1172,2016.0,8.0,19.0,4.0,5.0,45.31761
1173,2016.0,8.0,19.0,2.0,3.0,76.22451
1174,2016.0,8.0,18.0,16.0,17.0,31.43834
1175,2016.0,8.0,18.0,14.0,15.0,35.37596
1176,2016.0,8.0,19.0,17.0,18.0,30.97178
1177,2016.0,8.0,19.0,22.0,23.0,54.83728
1178,2016.0,8.0,19.0,15.0,16.0,28.42969
1179,2016.0,8.0,19.0,13.0,14.0,32.86128
1180,2016.0,8.0,19.0,11.0,12.0,27.65976
1181,2016.0,8.0,20.0,5.0,6.0,37.0244
1182,2016.0,8.0,20.0,0.0,1.0,75.76155
1183,2016.0,8.0,19.0,21.0,22.0,39.26679
1184,2016.0,8.0,19.0,18.0,19.0,32.63037
1185,2016.0,8.0,19.0,16.0,17.0,27.73067
1186,2016.0,8.0,20.0,6.0,7.0,34.00911
1187,2016.0,8.0,20.0,3.0,4.0,67.76836
1188,2016.0,8.0,19.0,14.0,15.0,32.45976
1189,2016.0,8.0,19.0,12.0,13.0,29.00315
1190,2016.0,8.0,19.0,23.0,0.0,70.46986
1191,2016.0,8.0,19.0,9.0,10.0,28.31264
1192,2016.0,8.0,19.0,7.0,8.0,33.34051
1193,2016.0,8.0,20.0,4.0,5.0,44.6918
1194,2016.0,8.0,20.0,2.0,3.0,81.01141
1195,2016.0,8.0,20.0,1.0,2.0,81.10741
1196,2016.0,8.0,19.0,20.0,21.0,36.83557
1197,2016.0,8.0,19.0,10.0,11.0,27.16724
1198,2016.0,8.0,19.0,19.0,20.0,34.79978
1199,2016.0,8.0,19.0,8.0,9.0,30.20249
1200,2016.0,8.0,20.0,10.0,11.0,26.78503
1201,2016.0,8.0,21.0,4.0,5.0,42.84852
1202,2016.0,8.0,20.0,18.0,19.0,26.82954
1203,2016.0,8.0,20.0,17.0,18.0,24.50965
1204,2016.0,8.0,20.0,22.0,23.0,36.54925
1205,2016.0,8.0,20.0,9.0,10.0,27.85159
1206,2016.0,8.0,20.0,14.0,15.0,27.4728
1207,2016.0,8.0,20.0,7.0,8.0,31.89983
1208,2016.0,8.0,21.0,6.0,7.0,32.0788
1209,2016.0,8.0,21.0,3.0,4.0,47.9047
1210,2016.0,8.0,21.0,1.0,2.0,54.02464
1211,2016.0,8.0,20.0,21.0,22.0,32.78713
1212,2016.0,8.0,21.0,2.0,3.0,56.98704
1213,2016.0,8.0,21.0,5.0,6.0,33.6567
1214,2016.0,8.0,20.0,15.0,16.0,25.20999
1215,2016.0,8.0,20.0,13.0,14.0,29.71709
1216,2016.0,8.0,20.0,8.0,9.0,28.4861
1217,2016.0,8.0,21.0,0.0,1.0,45.8977
1218,2016.0,8.0,20.0,19.0,20.0,30.12332
1219,2016.0,8.0,20.0,12.0,13.0,27.40753
1220,2016.0,8.0,20.0,11.0,12.0,26.3824
1221,2016.0,8.0,20.0,16.0,17.0,23.56605
1222,2016.0,8.0,20.0,23.0,0.0,41.73132
1223,2016.0,8.0,20.0,20.0,21.0,31.84679
1224,2016.0,8.0,22.0,5.0,6.0,32.25895
1225,2016.0,8.0,22.0,0.0,1.0,40.48443
1226,2016.0,8.0,21.0,16.0,17.0,14.49851
1227,2016.0,8.0,21.0,8.0,9.0,26.99641
1228,2016.0,8.0,21.0,15.0,16.0,16.59611
1229,2016.0,8.0,22.0,2.0,3.0,51.39511
1230,2016.0,8.0,21.0,9.0,10.0,26.493
1231,2016.0,8.0,22.0,1.0,2.0,46.41879
1232,2016.0,8.0,21.0,11.0,12.0,25.73161
1233,2016.0,8.0,21.0,19.0,20.0,25.12988
1234,2016.0,8.0,21.0,20.0,21.0,25.84703
1235,2016.0,8.0,21.0,22.0,23.0,31.47829
1236,2016.0,8.0,22.0,6.0,7.0,30.51248
1237,2016.0,8.0,21.0,7.0,8.0,28.29731
1238,2016.0,8.0,21.0,18.0,19.0,22.19136
1239,2016.0,8.0,21.0,23.0,0.0,37.53473
1240,2016.0,8.0,21.0,14.0,15.0,23.1648
1241,2016.0,8.0,22.0,3.0,4.0,48.03493
1242,2016.0,8.0,22.0,4.0,5.0,36.93741
1243,2016.0,8.0,21.0,12.0,13.0,26.32891
1244,2016.0,8.0,21.0,21.0,22.0,27.84229
1245,2016.0,8.0,21.0,10.0,11.0,26.3238
1246,2016.0,8.0,21.0,17.0,18.0,18.75212
1247,2016.0,8.0,21.0,13.0,14.0,25.15363
1248,2016.0,8.0,23.0,4.0,5.0,36.74105
1249,2016.0,8.0,22.0,19.0,20.0,31.05232
1250,2016.0,8.0,22.0,17.0,18.0,27.91606
1251,2016.0,8.0,22.0,13.0,14.0,29.61
1252,2016.0,8.0,22.0,15.0,16.0,27.64027
1253,2016.0,8.0,22.0,8.0,9.0,25.97465
1254,2016.0,8.0,22.0,16.0,17.0,27.76706
1255,2016.0,8.0,23.0,2.0,3.0,52.03014
1256,2016.0,8.0,22.0,22.0,23.0,35.64532
1257,2016.0,8.0,22.0,18.0,19.0,28.80125
1258,2016.0,8.0,22.0,9.0,10.0,24.99767
1259,2016.0,8.0,22.0,7.0,8.0,28.0357
1260,2016.0,8.0,23.0,6.0,7.0,31.25481
1261,2016.0,8.0,22.0,12.0,13.0,26.92648
1262,2016.0,8.0,22.0,11.0,12.0,25.38194
1263,2016.0,8.0,23.0,5.0,6.0,33.13172
1264,2016.0,8.0,23.0,1.0,2.0,47.61614
1265,2016.0,8.0,22.0,21.0,22.0,32.58531
1266,2016.0,8.0,22.0,20.0,21.0,32.01828
1267,2016.0,8.0,22.0,14.0,15.0,30.55732
1268,2016.0,8.0,23.0,3.0,4.0,46.25786
1269,2016.0,8.0,22.0,10.0,11.0,24.51386
1270,2016.0,8.0,23.0,0.0,1.0,43.18047
1271,2016.0,8.0,22.0,23.0,0.0,40.80034
1272,2016.0,8.0,23.0,19.0,20.0,29.73143
1273,2016.0,8.0,24.0,3.0,4.0,45.47954
1274,2016.0,8.0,24.0,6.0,7.0,31.8457
1275,2016.0,8.0,23.0,17.0,18.0,27.51846
1276,2016.0,8.0,23.0,20.0,21.0,30.71261
1277,2016.0,8.0,23.0,21.0,22.0,31.67652
1278,2016.0,8.0,24.0,4.0,5.0,36.30694
1279,2016.0,8.0,23.0,10.0,11.0,25.37537
1280,2016.0,8.0,23.0,22.0,23.0,33.26914
1281,2016.0,8.0,23.0,7.0,8.0,28.98706
1282,2016.0,8.0,23.0,9.0,10.0,26.26756
1283,2016.0,8.0,23.0,8.0,9.0,25.9948
1284,2016.0,8.0,23.0,15.0,16.0,27.03179
1285,2016.0,8.0,23.0,16.0,17.0,26.97228
1286,2016.0,8.0,23.0,23.0,0.0,37.93945
1287,2016.0,8.0,24.0,5.0,6.0,33.69487
1288,2016.0,8.0,23.0,11.0,12.0,26.14597
1289,2016.0,8.0,23.0,12.0,13.0,28.73998
1290,2016.0,8.0,24.0,0.0,1.0,39.80303
1291,2016.0,8.0,24.0,1.0,2.0,46.44155
1292,2016.0,8.0,24.0,2.0,3.0,51.29705
1293,2016.0,8.0,23.0,13.0,14.0,30.39396
1294,2016.0,8.0,23.0,14.0,15.0,30.52561
1295,2016.0,8.0,23.0,18.0,19.0,28.06444
1296,2016.0,8.0,25.0,1.0,2.0,48.64158
1297,2016.0,8.0,24.0,8.0,9.0,28.05322
1298,2016.0,8.0,24.0,12.0,13.0,28.65466
1299,2016.0,8.0,24.0,13.0,14.0,31.6071
1300,2016.0,8.0,24.0,15.0,16.0,23.28155
1301,2016.0,8.0,24.0,9.0,10.0,27.47622
1302,2016.0,8.0,24.0,10.0,11.0,26.31616
1303,2016.0,8.0,24.0,20.0,21.0,30.97126
1304,2016.0,8.0,25.0,2.0,3.0,50.89728
1305,2016.0,8.0,25.0,3.0,4.0,45.16825
1306,2016.0,8.0,25.0,6.0,7.0,31.25092
1307,2016.0,8.0,24.0,7.0,8.0,29.84287
1308,2016.0,8.0,24.0,18.0,19.0,27.49227
1309,2016.0,8.0,24.0,16.0,17.0,22.04218
1310,2016.0,8.0,24.0,17.0,18.0,23.5243
1311,2016.0,8.0,24.0,19.0,20.0,28.85943
1312,2016.0,8.0,24.0,21.0,22.0,34.43286
1313,2016.0,8.0,25.0,4.0,5.0,37.75317
1314,2016.0,8.0,24.0,22.0,23.0,35.4546
1315,2016.0,8.0,24.0,14.0,15.0,29.8961
1316,2016.0,8.0,24.0,23.0,0.0,40.65005
1317,2016.0,8.0,25.0,5.0,6.0,34.10286
1318,2016.0,8.0,24.0,11.0,12.0,26.85516
1319,2016.0,8.0,25.0,0.0,1.0,43.72032
1320,2016.0,8.0,25.0,16.0,17.0,27.0779
1321,2016.0,8.0,25.0,22.0,23.0,38.33869
1322,2016.0,8.0,26.0,6.0,7.0,30.82384
1323,2016.0,8.0,25.0,12.0,13.0,28.11637
1324,2016.0,8.0,26.0,4.0,5.0,39.59425
1325,2016.0,8.0,26.0,5.0,6.0,34.30366
1326,2016.0,8.0,26.0,0.0,1.0,44.34083
1327,2016.0,8.0,25.0,9.0,10.0,25.29228
1328,2016.0,8.0,25.0,19.0,20.0,31.41
1329,2016.0,8.0,25.0,18.0,19.0,29.55827
1330,2016.0,8.0,25.0,10.0,11.0,24.29541
1331,2016.0,8.0,26.0,1.0,2.0,49.67782
1332,2016.0,8.0,25.0,23.0,0.0,42.43081
1333,2016.0,8.0,25.0,15.0,16.0,27.68307
1334,2016.0,8.0,25.0,14.0,15.0,31.13927
1335,2016.0,8.0,26.0,3.0,4.0,45.93674
1336,2016.0,8.0,25.0,21.0,22.0,33.30259
1337,2016.0,8.0,25.0,13.0,14.0,30.15378
1338,2016.0,8.0,25.0,11.0,12.0,25.45225
1339,2016.0,8.0,25.0,8.0,9.0,25.6506
1340,2016.0,8.0,25.0,20.0,21.0,31.27732
1341,2016.0,8.0,25.0,7.0,8.0,28.78965
1342,2016.0,8.0,26.0,2.0,3.0,50.80168
1343,2016.0,8.0,25.0,17.0,18.0,28.13234
1344,2016.0,8.0,26.0,20.0,21.0,29.99915
1345,2016.0,8.0,26.0,23.0,0.0,37.3838
1346,2016.0,8.0,26.0,21.0,22.0,31.67996
1347,2016.0,8.0,26.0,11.0,12.0,26.47021
1348,2016.0,8.0,26.0,9.0,10.0,26.22346
1349,2016.0,8.0,26.0,8.0,9.0,26.66567
1350,2016.0,8.0,26.0,7.0,8.0,28.65293
1351,2016.0,8.0,27.0,5.0,6.0,32.76797
1352,2016.0,8.0,26.0,15.0,16.0,28.1967
1353,2016.0,8.0,26.0,13.0,14.0,31.87952
1354,2016.0,8.0,27.0,1.0,2.0,46.05622
1355,2016.0,8.0,26.0,18.0,19.0,28.43036
1356,2016.0,8.0,27.0,6.0,7.0,30.68957
1357,2016.0,8.0,27.0,4.0,5.0,36.44155
1358,2016.0,8.0,26.0,14.0,15.0,31.81799
1359,2016.0,8.0,26.0,19.0,20.0,28.5451
1360,2016.0,8.0,26.0,12.0,13.0,29.88513
1361,2016.0,8.0,26.0,10.0,11.0,25.67147
1362,2016.0,8.0,27.0,2.0,3.0,46.90233
1363,2016.0,8.0,26.0,17.0,18.0,27.77515
1364,2016.0,8.0,27.0,3.0,4.0,42.6044
1365,2016.0,8.0,27.0,0.0,1.0,39.61058
1366,2016.0,8.0,26.0,16.0,17.0,26.42551
1367,2016.0,8.0,26.0,22.0,23.0,36.47972
1368,2016.0,8.0,28.0,0.0,1.0,35.07556
1369,2016.0,8.0,27.0,18.0,19.0,23.90529
1370,2016.0,8.0,27.0,9.0,10.0,25.02405
1371,2016.0,8.0,28.0,1.0,2.0,42.04633
1372,2016.0,8.0,28.0,5.0,6.0,31.48039
1373,2016.0,8.0,28.0,2.0,3.0,43.29211
1374,2016.0,8.0,27.0,8.0,9.0,25.38235
1375,2016.0,8.0,27.0,10.0,11.0,24.70099
1376,2016.0,8.0,27.0,13.0,14.0,26.19646
1377,2016.0,8.0,27.0,14.0,15.0,25.58593
1378,2016.0,8.0,27.0,20.0,21.0,24.84072
1379,2016.0,8.0,27.0,22.0,23.0,28.98202
1380,2016.0,8.0,27.0,12.0,13.0,25.67254
1381,2016.0,8.0,27.0,16.0,17.0,20.4916
1382,2016.0,8.0,27.0,15.0,16.0,22.41991
1383,2016.0,8.0,27.0,17.0,18.0,21.37943
1384,2016.0,8.0,28.0,6.0,7.0,29.33194
1385,2016.0,8.0,27.0,21.0,22.0,25.68529
1386,2016.0,8.0,27.0,23.0,0.0,32.43841
1387,2016.0,8.0,28.0,4.0,5.0,33.7831
1388,2016.0,8.0,27.0,19.0,20.0,24.06229
1389,2016.0,8.0,27.0,7.0,8.0,26.45527
1390,2016.0,8.0,27.0,11.0,12.0,24.3683
1391,2016.0,8.0,28.0,3.0,4.0,39.82544
1392,2016.0,8.0,28.0,20.0,21.0,26.36318
1393,2016.0,8.0,28.0,7.0,8.0,29.99607
1394,2016.0,8.0,28.0,12.0,13.0,27.28836
1395,2016.0,8.0,29.0,0.0,1.0,38.36654
1396,2016.0,8.0,28.0,9.0,10.0,27.07777
1397,2016.0,8.0,28.0,22.0,23.0,33.2539
1398,2016.0,8.0,29.0,1.0,2.0,45.24123
1399,2016.0,8.0,28.0,10.0,11.0,26.56928
1400,2016.0,8.0,28.0,15.0,16.0,23.63188
1401,2016.0,8.0,28.0,16.0,17.0,17.67572
1402,2016.0,8.0,29.0,2.0,3.0,51.05467
1403,2016.0,8.0,29.0,3.0,4.0,47.78266
1404,2016.0,8.0,29.0,4.0,5.0,35.77725
1405,2016.0,8.0,28.0,13.0,14.0,26.38586
1406,2016.0,8.0,28.0,17.0,18.0,20.1558
1407,2016.0,8.0,29.0,5.0,6.0,33.52432
1408,2016.0,8.0,28.0,23.0,0.0,35.62155
1409,2016.0,8.0,28.0,14.0,15.0,25.49163
1410,2016.0,8.0,28.0,18.0,19.0,21.74357
1411,2016.0,8.0,28.0,21.0,22.0,28.87785
1412,2016.0,8.0,28.0,8.0,9.0,28.16371
1413,2016.0,8.0,28.0,11.0,12.0,26.16999
1414,2016.0,8.0,28.0,19.0,20.0,25.39777
1415,2016.0,8.0,29.0,6.0,7.0,31.32752
1416,2016.0,8.0,29.0,16.0,17.0,28.52564
1417,2016.0,8.0,29.0,22.0,23.0,39.60012
1418,2016.0,8.0,30.0,3.0,4.0,49.07784
1419,2016.0,8.0,29.0,21.0,22.0,35.5085
1420,2016.0,8.0,30.0,2.0,3.0,56.16852
1421,2016.0,8.0,29.0,10.0,11.0,24.98892
1422,2016.0,8.0,29.0,17.0,18.0,28.67898
1423,2016.0,8.0,29.0,20.0,21.0,33.23576
1424,2016.0,8.0,29.0,23.0,0.0,42.10184
1425,2016.0,8.0,30.0,0.0,1.0,43.8914
1426,2016.0,8.0,29.0,12.0,13.0,29.60252
1427,2016.0,8.0,30.0,5.0,6.0,34.19964
1428,2016.0,8.0,29.0,9.0,10.0,25.45791
1429,2016.0,8.0,29.0,15.0,16.0,28.69948
1430,2016.0,8.0,29.0,18.0,19.0,30.34592
1431,2016.0,8.0,29.0,8.0,9.0,27.09938
1432,2016.0,8.0,29.0,11.0,12.0,25.53258
1433,2016.0,8.0,30.0,4.0,5.0,36.18331
1434,2016.0,8.0,30.0,6.0,7.0,32.82188
1435,2016.0,8.0,29.0,7.0,8.0,29.15663
1436,2016.0,8.0,29.0,13.0,14.0,30.98638
1437,2016.0,8.0,29.0,14.0,15.0,31.13469
1438,2016.0,8.0,29.0,19.0,20.0,32.29519
1439,2016.0,8.0,30.0,1.0,2.0,54.33658
1440,2016.0,8.0,30.0,13.0,14.0,32.00736
1441,2016.0,8.0,30.0,20.0,21.0,36.01804
1442,2016.0,8.0,30.0,23.0,0.0,47.79761
1443,2016.0,8.0,30.0,18.0,19.0,31.51527
1444,2016.0,8.0,30.0,8.0,9.0,28.5603
1445,2016.0,8.0,31.0,5.0,6.0,34.91156
1446,2016.0,8.0,30.0,7.0,8.0,31.01677
1447,2016.0,8.0,31.0,2.0,3.0,68.66311
1448,2016.0,8.0,30.0,19.0,20.0,34.14315
1449,2016.0,8.0,30.0,11.0,12.0,27.44049
1450,2016.0,8.0,31.0,3.0,4.0,57.79055
1451,2016.0,8.0,30.0,16.0,17.0,28.7415
1452,2016.0,8.0,30.0,14.0,15.0,32.1291
1453,2016.0,8.0,30.0,17.0,18.0,29.58386
1454,2016.0,8.0,31.0,6.0,7.0,32.86999
1455,2016.0,8.0,31.0,4.0,5.0,41.77675
1456,2016.0,8.0,31.0,1.0,2.0,64.88515
1457,2016.0,8.0,30.0,9.0,10.0,27.61631
1458,2016.0,8.0,31.0,0.0,1.0,52.05521
1459,2016.0,8.0,30.0,15.0,16.0,29.26514
1460,2016.0,8.0,30.0,12.0,13.0,29.957
1461,2016.0,8.0,30.0,10.0,11.0,26.15522
1462,2016.0,8.0,30.0,22.0,23.0,45.98359
1463,2016.0,8.0,30.0,21.0,22.0,41.73639
1464,2016.0,9.0,1.0,5.0,6.0,37.29264
1465,2016.0,9.0,1.0,6.0,7.0,34.30353
1466,2016.0,8.0,31.0,10.0,11.0,27.63712
1467,2016.0,8.0,31.0,15.0,16.0,29.37978
1468,2016.0,8.0,31.0,17.0,18.0,28.68803
1469,2016.0,9.0,1.0,2.0,3.0,73.76616
1470,2016.0,8.0,31.0,14.0,15.0,32.60876
1471,2016.0,9.0,1.0,3.0,4.0,63.19282
1472,2016.0,8.0,31.0,11.0,12.0,28.26998
1473,2016.0,8.0,31.0,12.0,13.0,30.68673
1474,2016.0,8.0,31.0,16.0,17.0,28.30502
1475,2016.0,9.0,1.0,1.0,2.0,75.50948
1476,2016.0,9.0,1.0,4.0,5.0,39.66444
1477,2016.0,8.0,31.0,8.0,9.0,29.36232
1478,2016.0,8.0,31.0,9.0,10.0,27.92053
1479,2016.0,8.0,31.0,13.0,14.0,33.47359
1480,2016.0,8.0,31.0,21.0,22.0,34.09008
1481,2016.0,8.0,31.0,22.0,23.0,48.32086
1482,2016.0,9.0,1.0,0.0,1.0,53.84572
1483,2016.0,8.0,31.0,7.0,8.0,30.38688
1484,2016.0,8.0,31.0,19.0,20.0,31.99276
1485,2016.0,8.0,31.0,18.0,19.0,29.96574
1486,2016.0,8.0,31.0,20.0,21.0,32.05074
1487,2016.0,8.0,31.0,23.0,0.0,48.60182
1488,2016.0,7.0,1.0,17.0,18.0,28.26975
1489,2016.0,7.0,1.0,23.0,0.0,43.48417
1490,2016.0,7.0,1.0,12.0,13.0,27.72335
1491,2016.0,7.0,1.0,11.0,12.0,28.57408
1492,2016.0,7.0,2.0,4.0,5.0,38.41071
1493,2016.0,7.0,1.0,15.0,16.0,27.97726
1494,2016.0,7.0,2.0,0.0,1.0,46.24598
1495,2016.0,7.0,1.0,9.0,10.0,29.21595
1496,2016.0,7.0,2.0,2.0,3.0,51.79296
1497,2016.0,7.0,2.0,3.0,4.0,45.33064
1498,2016.0,7.0,2.0,6.0,7.0,30.95797
1499,2016.0,7.0,1.0,16.0,17.0,27.7153
1500,2016.0,7.0,2.0,1.0,2.0,46.85797
1501,2016.0,7.0,1.0,18.0,19.0,30.70656
1502,2016.0,7.0,1.0,20.0,21.0,34.19583
1503,2016.0,7.0,1.0,22.0,23.0,42.0478
1504,2016.0,7.0,1.0,7.0,8.0,27.6025
1505,2016.0,7.0,1.0,8.0,9.0,29.44174
1506,2016.0,7.0,1.0,13.0,14.0,29.46077
1507,2016.0,7.0,2.0,5.0,6.0,34.96977
1508,2016.0,7.0,1.0,21.0,22.0,37.00845
1509,2016.0,7.0,1.0,14.0,15.0,28.98013
1510,2016.0,7.0,1.0,19.0,20.0,33.1052
1511,2016.0,7.0,1.0,10.0,11.0,27.85447
1512,2016.0,7.0,3.0,3.0,4.0,44.8063
1513,2016.0,7.0,2.0,15.0,16.0,22.64795
1514,2016.0,7.0,2.0,14.0,15.0,23.69733
1515,2016.0,7.0,2.0,9.0,10.0,28.54279
1516,2016.0,7.0,3.0,5.0,6.0,33.078
1517,2016.0,7.0,3.0,2.0,3.0,44.63747
1518,2016.0,7.0,2.0,23.0,0.0,33.9947
1519,2016.0,7.0,2.0,21.0,22.0,29.20294
1520,2016.0,7.0,2.0,10.0,11.0,28.29538
1521,2016.0,7.0,2.0,12.0,13.0,27.26955
1522,2016.0,7.0,3.0,0.0,1.0,36.04851
1523,2016.0,7.0,2.0,11.0,12.0,28.181
1524,2016.0,7.0,3.0,4.0,5.0,36.83349
1525,2016.0,7.0,2.0,20.0,21.0,27.75986
1526,2016.0,7.0,2.0,16.0,17.0,23.42976
1527,2016.0,7.0,2.0,13.0,14.0,25.57242
1528,2016.0,7.0,2.0,8.0,9.0,29.8159
1529,2016.0,7.0,3.0,6.0,7.0,29.82381
1530,2016.0,7.0,3.0,1.0,2.0,40.78078
1531,2016.0,7.0,2.0,22.0,23.0,31.79744
1532,2016.0,7.0,2.0,19.0,20.0,27.2154
1533,2016.0,7.0,2.0,17.0,18.0,24.86677
1534,2016.0,7.0,2.0,7.0,8.0,30.89119
1535,2016.0,7.0,2.0,18.0,19.0,25.72362
1536,2016.0,7.0,3.0,14.0,15.0,19.52213
1537,2016.0,7.0,3.0,23.0,0.0,31.20395
1538,2016.0,7.0,4.0,0.0,1.0,35.30347
1539,2016.0,7.0,4.0,1.0,2.0,41.40721
1540,2016.0,7.0,3.0,8.0,9.0,27.83705
1541,2016.0,7.0,3.0,12.0,13.0,25.16711
1542,2016.0,7.0,3.0,7.0,8.0,28.2004
1543,2016.0,7.0,3.0,13.0,14.0,22.72639
1544,2016.0,7.0,4.0,4.0,5.0,39.8156
1545,2016.0,7.0,3.0,15.0,16.0,18.19375
1546,2016.0,7.0,3.0,20.0,21.0,25.40536
1547,2016.0,7.0,3.0,22.0,23.0,27.99826
1548,2016.0,7.0,3.0,9.0,10.0,27.47034
1549,2016.0,7.0,3.0,10.0,11.0,27.0417
1550,2016.0,7.0,3.0,18.0,19.0,21.40491
1551,2016.0,7.0,4.0,6.0,7.0,30.65756
1552,2016.0,7.0,3.0,16.0,17.0,19.13241
1553,2016.0,7.0,3.0,17.0,18.0,20.86053
1554,2016.0,7.0,3.0,21.0,22.0,26.3925
1555,2016.0,7.0,4.0,2.0,3.0,46.47496
1556,2016.0,7.0,4.0,3.0,4.0,46.57604
1557,2016.0,7.0,4.0,5.0,6.0,33.63164
1558,2016.0,7.0,3.0,11.0,12.0,26.58133
1559,2016.0,7.0,3.0,19.0,20.0,23.24055
1560,2016.0,7.0,4.0,22.0,23.0,26.33603
1561,2016.0,7.0,4.0,14.0,15.0,20.10247
1562,2016.0,7.0,4.0,19.0,20.0,23.25248
1563,2016.0,7.0,5.0,6.0,7.0,28.29285
1564,2016.0,7.0,4.0,7.0,8.0,28.14915
1565,2016.0,7.0,4.0,21.0,22.0,25.19145
1566,2016.0,7.0,5.0,0.0,1.0,33.35225
1567,2016.0,7.0,4.0,8.0,9.0,26.44897
1568,2016.0,7.0,4.0,9.0,10.0,26.07119
1569,2016.0,7.0,4.0,16.0,17.0,18.3877
1570,2016.0,7.0,4.0,20.0,21.0,24.29309
1571,2016.0,7.0,5.0,3.0,4.0,42.63423
1572,2016.0,7.0,5.0,5.0,6.0,32.57313
1573,2016.0,7.0,4.0,17.0,18.0,20.57956
1574,2016.0,7.0,4.0,18.0,19.0,22.00817
1575,2016.0,7.0,5.0,1.0,2.0,38.3601
1576,2016.0,7.0,5.0,4.0,5.0,35.77628
1577,2016.0,7.0,4.0,10.0,11.0,24.96765
1578,2016.0,7.0,4.0,12.0,13.0,24.46289
1579,2016.0,7.0,4.0,23.0,0.0,29.30398
1580,2016.0,7.0,4.0,15.0,16.0,18.13742
1581,2016.0,7.0,5.0,2.0,3.0,44.538
1582,2016.0,7.0,4.0,13.0,14.0,22.39157
1583,2016.0,7.0,4.0,11.0,12.0,24.75294
1584,2016.0,7.0,6.0,5.0,6.0,33.69614
1585,2016.0,7.0,5.0,7.0,8.0,26.10608
1586,2016.0,7.0,5.0,8.0,9.0,23.93195
1587,2016.0,7.0,6.0,6.0,7.0,29.29594
1588,2016.0,7.0,5.0,23.0,0.0,33.05747
1589,2016.0,7.0,5.0,18.0,19.0,27.15241
1590,2016.0,7.0,5.0,15.0,16.0,25.27616
1591,2016.0,7.0,6.0,0.0,1.0,35.57182
1592,2016.0,7.0,5.0,17.0,18.0,27.3973
1593,2016.0,7.0,5.0,14.0,15.0,26.69349
1594,2016.0,7.0,5.0,21.0,22.0,29.50952
1595,2016.0,7.0,5.0,20.0,21.0,27.75433
1596,2016.0,7.0,5.0,13.0,14.0,28.80627
1597,2016.0,7.0,5.0,10.0,11.0,23.0603
1598,2016.0,7.0,5.0,22.0,23.0,30.46161
1599,2016.0,7.0,5.0,19.0,20.0,27.48332
1600,2016.0,7.0,6.0,4.0,5.0,39.56931
1601,2016.0,7.0,6.0,3.0,4.0,44.42496
1602,2016.0,7.0,6.0,1.0,2.0,40.90646
1603,2016.0,7.0,5.0,11.0,12.0,23.96344
1604,2016.0,7.0,6.0,2.0,3.0,46.81396
1605,2016.0,7.0,5.0,12.0,13.0,26.15488
1606,2016.0,7.0,5.0,9.0,10.0,23.26168
1607,2016.0,7.0,5.0,16.0,17.0,26.01876
1608,2016.0,7.0,6.0,16.0,17.0,24.28649
1609,2016.0,7.0,7.0,2.0,3.0,46.4069
1610,2016.0,7.0,6.0,14.0,15.0,25.48819
1611,2016.0,7.0,6.0,13.0,14.0,26.68426
1612,2016.0,7.0,7.0,1.0,2.0,38.99522
1613,2016.0,7.0,7.0,0.0,1.0,34.49043
1614,2016.0,7.0,6.0,18.0,19.0,25.26289
1615,2016.0,7.0,6.0,23.0,0.0,31.88053
1616,2016.0,7.0,6.0,21.0,22.0,25.79183
1617,2016.0,7.0,6.0,8.0,9.0,24.9741
1618,2016.0,7.0,6.0,12.0,13.0,25.46945
1619,2016.0,7.0,6.0,11.0,12.0,24.17955
1620,2016.0,7.0,6.0,20.0,21.0,25.32944
1621,2016.0,7.0,6.0,19.0,20.0,24.71024
1622,2016.0,7.0,6.0,22.0,23.0,28.5573
1623,2016.0,7.0,7.0,6.0,7.0,28.31178
1624,2016.0,7.0,7.0,3.0,4.0,43.02705
1625,2016.0,7.0,6.0,17.0,18.0,24.67724
1626,2016.0,7.0,6.0,15.0,16.0,24.44797
1627,2016.0,7.0,6.0,10.0,11.0,23.7282
1628,2016.0,7.0,6.0,7.0,8.0,28.02933
1629,2016.0,7.0,7.0,5.0,6.0,32.5641
1630,2016.0,7.0,7.0,4.0,5.0,37.56719
1631,2016.0,7.0,6.0,9.0,10.0,24.16717
1632,2016.0,7.0,8.0,6.0,7.0,29.56969
1633,2016.0,7.0,7.0,10.0,11.0,24.25358
1634,2016.0,7.0,8.0,2.0,3.0,45.73812
1635,2016.0,7.0,8.0,1.0,2.0,38.38495
1636,2016.0,7.0,7.0,22.0,23.0,27.86118
1637,2016.0,7.0,7.0,17.0,18.0,24.4139
1638,2016.0,7.0,7.0,19.0,20.0,24.99538
1639,2016.0,7.0,7.0,11.0,12.0,24.75008
1640,2016.0,7.0,7.0,7.0,8.0,27.56975
1641,2016.0,7.0,7.0,8.0,9.0,25.2286
1642,2016.0,7.0,8.0,0.0,1.0,32.96048
1643,2016.0,7.0,7.0,21.0,22.0,26.02613
1644,2016.0,7.0,7.0,15.0,16.0,24.46401
1645,2016.0,7.0,7.0,23.0,0.0,29.70715
1646,2016.0,7.0,8.0,5.0,6.0,32.26413
1647,2016.0,7.0,8.0,4.0,5.0,37.74265
1648,2016.0,7.0,7.0,20.0,21.0,24.81108
1649,2016.0,7.0,7.0,16.0,17.0,24.07171
1650,2016.0,7.0,7.0,18.0,19.0,24.9363
1651,2016.0,7.0,7.0,14.0,15.0,25.67173
1652,2016.0,7.0,7.0,13.0,14.0,26.35142
1653,2016.0,7.0,7.0,12.0,13.0,25.88576
1654,2016.0,7.0,7.0,9.0,10.0,24.82887
1655,2016.0,7.0,8.0,3.0,4.0,41.62611
1656,2016.0,7.0,9.0,0.0,1.0,33.73229
1657,2016.0,7.0,8.0,17.0,18.0,25.23578
1658,2016.0,7.0,9.0,2.0,3.0,43.76554
1659,2016.0,7.0,8.0,9.0,10.0,24.9542
1660,2016.0,7.0,8.0,11.0,12.0,24.88635
1661,2016.0,7.0,8.0,14.0,15.0,26.82024
1662,2016.0,7.0,8.0,16.0,17.0,24.74555
1663,2016.0,7.0,8.0,22.0,23.0,28.88503
1664,2016.0,7.0,9.0,4.0,5.0,35.39836
1665,2016.0,7.0,8.0,7.0,8.0,27.37237
1666,2016.0,7.0,8.0,10.0,11.0,24.62039
1667,2016.0,7.0,8.0,18.0,19.0,26.04586
1668,2016.0,7.0,8.0,21.0,22.0,26.74252
1669,2016.0,7.0,9.0,3.0,4.0,42.60731
1670,2016.0,7.0,9.0,5.0,6.0,32.79875
1671,2016.0,7.0,8.0,8.0,9.0,25.46077
1672,2016.0,7.0,8.0,19.0,20.0,25.38532
1673,2016.0,7.0,9.0,1.0,2.0,39.58297
1674,2016.0,7.0,8.0,12.0,13.0,26.75985
1675,2016.0,7.0,9.0,6.0,7.0,29.32584
1676,2016.0,7.0,8.0,13.0,14.0,27.22558
1677,2016.0,7.0,8.0,15.0,16.0,24.89046
1678,2016.0,7.0,8.0,20.0,21.0,25.72136
1679,2016.0,7.0,8.0,23.0,0.0,31.17172
1680,2016.0,7.0,10.0,4.0,5.0,35.13126
1681,2016.0,7.0,9.0,21.0,22.0,24.00198
1682,2016.0,7.0,9.0,15.0,16.0,20.26601
1683,2016.0,7.0,9.0,19.0,20.0,23.32768
1684,2016.0,7.0,10.0,6.0,7.0,28.32277
1685,2016.0,7.0,10.0,5.0,6.0,31.59401
1686,2016.0,7.0,9.0,11.0,12.0,25.75416
1687,2016.0,7.0,9.0,14.0,15.0,22.15154
1688,2016.0,7.0,9.0,16.0,17.0,20.30808
1689,2016.0,7.0,9.0,17.0,18.0,21.24935
1690,2016.0,7.0,9.0,22.0,23.0,25.88644
1691,2016.0,7.0,10.0,0.0,1.0,31.7638
1692,2016.0,7.0,10.0,1.0,2.0,35.32885
1693,2016.0,7.0,9.0,9.0,10.0,26.87327
1694,2016.0,7.0,9.0,20.0,21.0,24.04491
1695,2016.0,7.0,9.0,23.0,0.0,28.80977
1696,2016.0,7.0,9.0,18.0,19.0,22.67504
1697,2016.0,7.0,9.0,8.0,9.0,27.30604
1698,2016.0,7.0,9.0,12.0,13.0,26.13873
1699,2016.0,7.0,10.0,3.0,4.0,40.05787
1700,2016.0,7.0,9.0,7.0,8.0,28.90008
1701,2016.0,7.0,9.0,10.0,11.0,25.56718
1702,2016.0,7.0,9.0,13.0,14.0,23.73419
1703,2016.0,7.0,10.0,2.0,3.0,40.84551
1704,2016.0,7.0,11.0,5.0,6.0,31.55264
1705,2016.0,7.0,10.0,16.0,17.0,15.60859
1706,2016.0,7.0,10.0,17.0,18.0,17.7941
1707,2016.0,7.0,10.0,18.0,19.0,19.06678
1708,2016.0,7.0,10.0,20.0,21.0,22.78569
1709,2016.0,7.0,11.0,4.0,5.0,38.9194
1710,2016.0,7.0,10.0,11.0,12.0,25.69083
1711,2016.0,7.0,11.0,0.0,1.0,30.35981
1712,2016.0,7.0,11.0,2.0,3.0,42.49524
1713,2016.0,7.0,11.0,3.0,4.0,44.97057
1714,2016.0,7.0,10.0,22.0,23.0,24.97392
1715,2016.0,7.0,10.0,8.0,9.0,26.33637
1716,2016.0,7.0,10.0,9.0,10.0,25.79825
1717,2016.0,7.0,10.0,13.0,14.0,23.45009
1718,2016.0,7.0,10.0,23.0,0.0,28.18834
1719,2016.0,7.0,11.0,6.0,7.0,27.90121
1720,2016.0,7.0,10.0,14.0,15.0,20.8539
1721,2016.0,7.0,11.0,1.0,2.0,35.51228
1722,2016.0,7.0,10.0,12.0,13.0,25.64141
1723,2016.0,7.0,10.0,7.0,8.0,28.2824
1724,2016.0,7.0,10.0,15.0,16.0,16.46267
1725,2016.0,7.0,10.0,21.0,22.0,23.64641
1726,2016.0,7.0,10.0,10.0,11.0,25.92661
1727,2016.0,7.0,10.0,19.0,20.0,21.182
1728,2016.0,7.0,12.0,6.0,7.0,28.72922
1729,2016.0,7.0,12.0,1.0,2.0,40.23714
1730,2016.0,7.0,11.0,19.0,20.0,30.61962
1731,2016.0,7.0,11.0,10.0,11.0,23.60418
1732,2016.0,7.0,11.0,15.0,16.0,26.21215
1733,2016.0,7.0,11.0,12.0,13.0,26.803
1734,2016.0,7.0,11.0,17.0,18.0,28.43462
1735,2016.0,7.0,12.0,4.0,5.0,33.45147
1736,2016.0,7.0,11.0,23.0,0.0,40.1856
1737,2016.0,7.0,11.0,18.0,19.0,30.16916
1738,2016.0,7.0,11.0,16.0,17.0,26.65975
1739,2016.0,7.0,11.0,8.0,9.0,24.25812
1740,2016.0,7.0,11.0,9.0,10.0,24.10727
1741,2016.0,7.0,11.0,20.0,21.0,34.03354
1742,2016.0,7.0,12.0,2.0,3.0,48.37623
1743,2016.0,7.0,11.0,13.0,14.0,27.28551
1744,2016.0,7.0,12.0,0.0,1.0,40.33413
1745,2016.0,7.0,11.0,22.0,23.0,39.27105
1746,2016.0,7.0,11.0,11.0,12.0,24.19639
1747,2016.0,7.0,11.0,7.0,8.0,25.84269
1748,2016.0,7.0,11.0,14.0,15.0,26.89409
1749,2016.0,7.0,12.0,3.0,4.0,40.28522
1750,2016.0,7.0,11.0,21.0,22.0,38.85812
1751,2016.0,7.0,12.0,5.0,6.0,31.25637
1752,2016.0,7.0,12.0,14.0,15.0,26.61927
1753,2016.0,7.0,12.0,22.0,23.0,34.53567
1754,2016.0,7.0,13.0,4.0,5.0,36.76963
1755,2016.0,7.0,12.0,21.0,22.0,33.8536
1756,2016.0,7.0,12.0,12.0,13.0,26.63741
1757,2016.0,7.0,12.0,9.0,10.0,25.41357
1758,2016.0,7.0,12.0,8.0,9.0,25.61391
1759,2016.0,7.0,12.0,7.0,8.0,28.0301
1760,2016.0,7.0,12.0,15.0,16.0,25.55797
1761,2016.0,7.0,13.0,3.0,4.0,50.51569
1762,2016.0,7.0,12.0,20.0,21.0,31.92187
1763,2016.0,7.0,12.0,18.0,19.0,28.05214
1764,2016.0,7.0,13.0,5.0,6.0,33.19805
1765,2016.0,7.0,13.0,1.0,2.0,39.6191
1766,2016.0,7.0,12.0,23.0,0.0,40.74047
1767,2016.0,7.0,12.0,19.0,20.0,29.781
1768,2016.0,7.0,13.0,6.0,7.0,30.06536
1769,2016.0,7.0,12.0,16.0,17.0,26.08454
1770,2016.0,7.0,12.0,10.0,11.0,25.03841
1771,2016.0,7.0,13.0,2.0,3.0,57.14732
1772,2016.0,7.0,12.0,17.0,18.0,26.98328
1773,2016.0,7.0,12.0,13.0,14.0,27.29796
1774,2016.0,7.0,12.0,11.0,12.0,25.35167
1775,2016.0,7.0,13.0,0.0,1.0,37.73226
1776,2016.0,7.0,13.0,10.0,11.0,23.98202
1777,2016.0,7.0,13.0,20.0,21.0,38.56454
1778,2016.0,7.0,14.0,4.0,5.0,49.33667
1779,2016.0,7.0,13.0,21.0,22.0,42.3643
1780,2016.0,7.0,13.0,12.0,13.0,26.09314
1781,2016.0,7.0,13.0,18.0,19.0,30.89363
1782,2016.0,7.0,14.0,3.0,4.0,328.36942
1783,2016.0,7.0,14.0,5.0,6.0,39.27244
1784,2016.0,7.0,13.0,9.0,10.0,24.82638
1785,2016.0,7.0,13.0,11.0,12.0,24.24315
1786,2016.0,7.0,14.0,0.0,1.0,348.84868
1787,2016.0,7.0,13.0,7.0,8.0,27.04476
1788,2016.0,7.0,13.0,16.0,17.0,27.12486
1789,2016.0,7.0,13.0,8.0,9.0,25.30221
1790,2016.0,7.0,13.0,15.0,16.0,26.47878
1791,2016.0,7.0,13.0,17.0,18.0,28.94188
1792,2016.0,7.0,13.0,19.0,20.0,35.1519
1793,2016.0,7.0,13.0,23.0,0.0,199.42728
1794,2016.0,7.0,14.0,1.0,2.0,159.2014
1795,2016.0,7.0,14.0,6.0,7.0,34.79802
1796,2016.0,7.0,13.0,22.0,23.0,42.38077
1797,2016.0,7.0,14.0,2.0,3.0,361.45552
1798,2016.0,7.0,13.0,14.0,15.0,27.56926
1799,2016.0,7.0,13.0,13.0,14.0,27.74614
1800,2016.0,7.0,14.0,16.0,17.0,26.85372
1801,2016.0,7.0,14.0,12.0,13.0,26.37105
1802,2016.0,7.0,14.0,21.0,22.0,38.80685
1803,2016.0,7.0,14.0,20.0,21.0,41.40181
1804,2016.0,7.0,14.0,22.0,23.0,45.69332
1805,2016.0,7.0,14.0,23.0,0.0,92.25694
1806,2016.0,7.0,14.0,9.0,10.0,25.33661
1807,2016.0,7.0,15.0,5.0,6.0,43.60386
1808,2016.0,7.0,14.0,19.0,20.0,37.4792
1809,2016.0,7.0,14.0,10.0,11.0,25.13522
1810,2016.0,7.0,14.0,14.0,15.0,27.08169
1811,2016.0,7.0,14.0,15.0,16.0,26.22386
1812,2016.0,7.0,15.0,6.0,7.0,35.66152
1813,2016.0,7.0,14.0,7.0,8.0,27.36698
1814,2016.0,7.0,14.0,13.0,14.0,27.42995
1815,2016.0,7.0,14.0,17.0,18.0,28.04935
1816,2016.0,7.0,15.0,4.0,5.0,65.41662
1817,2016.0,7.0,14.0,11.0,12.0,25.19901
1818,2016.0,7.0,15.0,1.0,2.0,114.90506
1819,2016.0,7.0,15.0,0.0,1.0,106.10987
1820,2016.0,7.0,15.0,2.0,3.0,120.99955
1821,2016.0,7.0,15.0,3.0,4.0,113.38529
1822,2016.0,7.0,14.0,8.0,9.0,26.182
1823,2016.0,7.0,14.0,18.0,19.0,30.56983
1824,2016.0,7.0,16.0,5.0,6.0,42.3723
1825,2016.0,7.0,15.0,22.0,23.0,46.94292
1826,2016.0,7.0,16.0,0.0,1.0,135.12826
1827,2016.0,7.0,15.0,21.0,22.0,38.87
1828,2016.0,7.0,15.0,16.0,17.0,25.89255
1829,2016.0,7.0,15.0,15.0,16.0,25.35895
1830,2016.0,7.0,15.0,7.0,8.0,27.02053
1831,2016.0,7.0,16.0,4.0,5.0,96.32973
1832,2016.0,7.0,16.0,3.0,4.0,149.20878
1833,2016.0,7.0,15.0,20.0,21.0,39.82367
1834,2016.0,7.0,15.0,11.0,12.0,24.63188
1835,2016.0,7.0,15.0,10.0,11.0,24.48561
1836,2016.0,7.0,16.0,6.0,7.0,40.53317
1837,2016.0,7.0,16.0,1.0,2.0,125.84572
1838,2016.0,7.0,15.0,18.0,19.0,28.65019
1839,2016.0,7.0,15.0,13.0,14.0,25.96703
1840,2016.0,7.0,15.0,23.0,0.0,91.82
1841,2016.0,7.0,15.0,17.0,18.0,26.63492
1842,2016.0,7.0,15.0,9.0,10.0,25.1212
1843,2016.0,7.0,15.0,8.0,9.0,25.18613
1844,2016.0,7.0,16.0,2.0,3.0,131.46976
1845,2016.0,7.0,15.0,19.0,20.0,30.67424
1846,2016.0,7.0,15.0,14.0,15.0,25.85595
1847,2016.0,7.0,15.0,12.0,13.0,25.53119
1848,2016.0,7.0,16.0,11.0,12.0,24.2481
1849,2016.0,7.0,16.0,23.0,0.0,44.30917
1850,2016.0,7.0,16.0,21.0,22.0,28.24375
1851,2016.0,7.0,16.0,13.0,14.0,24.27779
1852,2016.0,7.0,16.0,15.0,16.0,21.62953
1853,2016.0,7.0,16.0,19.0,20.0,25.01544
1854,2016.0,7.0,17.0,2.0,3.0,92.47496
1855,2016.0,7.0,16.0,9.0,10.0,24.50096
1856,2016.0,7.0,16.0,17.0,18.0,23.74576
1857,2016.0,7.0,16.0,22.0,23.0,29.81915
1858,2016.0,7.0,17.0,6.0,7.0,34.08404
1859,2016.0,7.0,17.0,5.0,6.0,42.11753
1860,2016.0,7.0,16.0,14.0,15.0,23.06009
1861,2016.0,7.0,17.0,0.0,1.0,58.82302
1862,2016.0,7.0,17.0,1.0,2.0,141.52532
1863,2016.0,7.0,16.0,7.0,8.0,26.16069
1864,2016.0,7.0,16.0,8.0,9.0,24.63003
1865,2016.0,7.0,16.0,18.0,19.0,24.54374
1866,2016.0,7.0,17.0,3.0,4.0,155.06032
1867,2016.0,7.0,17.0,4.0,5.0,50.55366
1868,2016.0,7.0,16.0,12.0,13.0,24.37862
1869,2016.0,7.0,16.0,20.0,21.0,26.31019
1870,2016.0,7.0,16.0,10.0,11.0,24.1886
1871,2016.0,7.0,16.0,16.0,17.0,22.12465
1872,2016.0,7.0,17.0,9.0,10.0,25.27558
1873,2016.0,7.0,17.0,19.0,20.0,23.92162
1874,2016.0,7.0,18.0,6.0,7.0,28.85773
1875,2016.0,7.0,17.0,10.0,11.0,24.19531
1876,2016.0,7.0,17.0,17.0,18.0,22.64939
1877,2016.0,7.0,17.0,20.0,21.0,24.83616
1878,2016.0,7.0,17.0,12.0,13.0,24.03275
1879,2016.0,7.0,17.0,14.0,15.0,22.08324
1880,2016.0,7.0,17.0,21.0,22.0,26.36712
1881,2016.0,7.0,18.0,1.0,2.0,48.30754
1882,2016.0,7.0,17.0,13.0,14.0,22.98855
1883,2016.0,7.0,17.0,23.0,0.0,31.20122
1884,2016.0,7.0,18.0,0.0,1.0,39.41679
1885,2016.0,7.0,17.0,11.0,12.0,24.07642
1886,2016.0,7.0,17.0,15.0,16.0,19.76103
1887,2016.0,7.0,18.0,5.0,6.0,35.09176
1888,2016.0,7.0,17.0,8.0,9.0,25.19736
1889,2016.0,7.0,17.0,18.0,19.0,23.61998
1890,2016.0,7.0,17.0,7.0,8.0,27.72537
1891,2016.0,7.0,17.0,16.0,17.0,21.11906
1892,2016.0,7.0,17.0,22.0,23.0,27.36285
1893,2016.0,7.0,18.0,3.0,4.0,55.16188
1894,2016.0,7.0,18.0,2.0,3.0,55.02928
1895,2016.0,7.0,18.0,4.0,5.0,46.7957
1896,2016.0,7.0,18.0,7.0,8.0,25.26905
1897,2016.0,7.0,18.0,11.0,12.0,24.21101
1898,2016.0,7.0,18.0,21.0,22.0,28.72925
1899,2016.0,7.0,19.0,5.0,6.0,31.8803
1900,2016.0,7.0,18.0,9.0,10.0,24.194
1901,2016.0,7.0,18.0,14.0,15.0,25.45783
1902,2016.0,7.0,18.0,19.0,20.0,26.49091
1903,2016.0,7.0,18.0,22.0,23.0,31.50181
1904,2016.0,7.0,18.0,23.0,0.0,33.56084
1905,2016.0,7.0,19.0,0.0,1.0,41.16378
1906,2016.0,7.0,18.0,10.0,11.0,24.04402
1907,2016.0,7.0,18.0,13.0,14.0,25.75993
1908,2016.0,7.0,18.0,20.0,21.0,27.77686
1909,2016.0,7.0,18.0,8.0,9.0,24.38394
1910,2016.0,7.0,18.0,16.0,17.0,24.65191
1911,2016.0,7.0,19.0,3.0,4.0,52.89223
1912,2016.0,7.0,18.0,17.0,18.0,25.5067
1913,2016.0,7.0,18.0,15.0,16.0,24.59958
1914,2016.0,7.0,19.0,1.0,2.0,49.54488
1915,2016.0,7.0,19.0,4.0,5.0,42.24028
1916,2016.0,7.0,19.0,6.0,7.0,28.48233
1917,2016.0,7.0,18.0,12.0,13.0,25.08769
1918,2016.0,7.0,18.0,18.0,19.0,26.82904
1919,2016.0,7.0,19.0,2.0,3.0,55.67983
1920,2016.0,7.0,19.0,21.0,22.0,30.80831
1921,2016.0,7.0,19.0,12.0,13.0,25.25905
1922,2016.0,7.0,20.0,6.0,7.0,29.34476
1923,2016.0,7.0,19.0,7.0,8.0,24.98002
1924,2016.0,7.0,19.0,11.0,12.0,23.68104
1925,2016.0,7.0,19.0,15.0,16.0,25.50904
1926,2016.0,7.0,19.0,22.0,23.0,32.34582
1927,2016.0,7.0,19.0,23.0,0.0,35.32556
1928,2016.0,7.0,19.0,8.0,9.0,23.64265
1929,2016.0,7.0,19.0,9.0,10.0,23.6266
1930,2016.0,7.0,19.0,14.0,15.0,26.65634
1931,2016.0,7.0,20.0,3.0,4.0,49.67057
1932,2016.0,7.0,19.0,13.0,14.0,27.28654
1933,2016.0,7.0,19.0,17.0,18.0,26.36171
1934,2016.0,7.0,19.0,19.0,20.0,27.82115
1935,2016.0,7.0,19.0,20.0,21.0,29.32909
1936,2016.0,7.0,20.0,4.0,5.0,41.33005
1937,2016.0,7.0,20.0,5.0,6.0,34.57531
1938,2016.0,7.0,19.0,16.0,17.0,25.14385
1939,2016.0,7.0,19.0,18.0,19.0,27.79868
1940,2016.0,7.0,20.0,1.0,2.0,47.74658
1941,2016.0,7.0,20.0,2.0,3.0,54.23872
1942,2016.0,7.0,19.0,10.0,11.0,23.02414
1943,2016.0,7.0,20.0,0.0,1.0,35.85307
1944,2016.0,7.0,21.0,1.0,2.0,53.15275
1945,2016.0,7.0,20.0,11.0,12.0,24.45586
1946,2016.0,7.0,20.0,14.0,15.0,29.00598
1947,2016.0,7.0,20.0,16.0,17.0,28.64699
1948,2016.0,7.0,21.0,5.0,6.0,35.33558
1949,2016.0,7.0,20.0,17.0,18.0,29.72595
1950,2016.0,7.0,21.0,2.0,3.0,63.80359
1951,2016.0,7.0,20.0,23.0,0.0,35.64811
1952,2016.0,7.0,20.0,8.0,9.0,24.86812
1953,2016.0,7.0,20.0,13.0,14.0,29.44931
1954,2016.0,7.0,20.0,7.0,8.0,26.96726
1955,2016.0,7.0,20.0,10.0,11.0,24.1879
1956,2016.0,7.0,20.0,12.0,13.0,25.801
1957,2016.0,7.0,20.0,21.0,22.0,32.41553
1958,2016.0,7.0,20.0,22.0,23.0,33.87403
1959,2016.0,7.0,21.0,6.0,7.0,30.93012
1960,2016.0,7.0,21.0,0.0,1.0,46.39596
1961,2016.0,7.0,20.0,9.0,10.0,24.51316
1962,2016.0,7.0,20.0,15.0,16.0,27.80729
1963,2016.0,7.0,20.0,18.0,19.0,31.29308
1964,2016.0,7.0,20.0,19.0,20.0,31.85247
1965,2016.0,7.0,20.0,20.0,21.0,31.36837
1966,2016.0,7.0,21.0,3.0,4.0,54.85931
1967,2016.0,7.0,21.0,4.0,5.0,42.53569
1968,2016.0,7.0,21.0,20.0,21.0,27.52234
1969,2016.0,7.0,21.0,10.0,11.0,24.98857
1970,2016.0,7.0,22.0,6.0,7.0,31.33819
1971,2016.0,7.0,22.0,3.0,4.0,61.81462
1972,2016.0,7.0,21.0,18.0,19.0,31.78318
1973,2016.0,7.0,21.0,15.0,16.0,27.78664
1974,2016.0,7.0,22.0,5.0,6.0,35.02055
1975,2016.0,7.0,22.0,4.0,5.0,48.96079
1976,2016.0,7.0,22.0,0.0,1.0,47.52683
1977,2016.0,7.0,21.0,21.0,22.0,30.31327
1978,2016.0,7.0,21.0,16.0,17.0,28.37341
1979,2016.0,7.0,21.0,13.0,14.0,28.97678
1980,2016.0,7.0,21.0,12.0,13.0,26.6926
1981,2016.0,7.0,22.0,1.0,2.0,61.4962
1982,2016.0,7.0,21.0,23.0,0.0,32.04462
1983,2016.0,7.0,21.0,22.0,23.0,32.31167
1984,2016.0,7.0,21.0,14.0,15.0,28.50067
1985,2016.0,7.0,21.0,9.0,10.0,26.00531
1986,2016.0,7.0,21.0,7.0,8.0,28.59092
1987,2016.0,7.0,21.0,11.0,12.0,24.93714
1988,2016.0,7.0,21.0,8.0,9.0,26.05815
1989,2016.0,7.0,22.0,2.0,3.0,68.39789
1990,2016.0,7.0,21.0,19.0,20.0,31.82049
1991,2016.0,7.0,21.0,17.0,18.0,30.11627
1992,2016.0,7.0,23.0,2.0,3.0,80.74307
1993,2016.0,7.0,22.0,20.0,21.0,35.29192
1994,2016.0,7.0,22.0,16.0,17.0,29.2993
1995,2016.0,7.0,23.0,6.0,7.0,33.28339
1996,2016.0,7.0,23.0,0.0,1.0,70.16606
1997,2016.0,7.0,23.0,3.0,4.0,73.78195
1998,2016.0,7.0,22.0,14.0,15.0,28.26699
1999,2016.0,7.0,22.0,21.0,22.0,36.95443
2000,2016.0,7.0,22.0,18.0,19.0,34.14101
2001,2016.0,7.0,22.0,13.0,14.0,27.59572
2002,2016.0,7.0,22.0,7.0,8.0,29.31213
2003,2016.0,7.0,22.0,10.0,11.0,24.05083
2004,2016.0,7.0,22.0,17.0,18.0,31.49759
2005,2016.0,7.0,22.0,12.0,13.0,25.73114
2006,2016.0,7.0,22.0,15.0,16.0,28.2564
2007,2016.0,7.0,23.0,5.0,6.0,39.43564
2008,2016.0,7.0,23.0,4.0,5.0,65.41839
2009,2016.0,7.0,22.0,8.0,9.0,26.6878
2010,2016.0,7.0,22.0,23.0,0.0,61.68917
2011,2016.0,7.0,22.0,19.0,20.0,35.05483
2012,2016.0,7.0,23.0,1.0,2.0,79.41189
2013,2016.0,7.0,22.0,11.0,12.0,24.67776
2014,2016.0,7.0,22.0,9.0,10.0,25.37116
2015,2016.0,7.0,22.0,22.0,23.0,40.73763
2016,2016.0,7.0,23.0,10.0,11.0,27.32387
2017,2016.0,7.0,23.0,18.0,19.0,34.35997
2018,2016.0,7.0,24.0,4.0,5.0,58.67414
2019,2016.0,7.0,23.0,16.0,17.0,29.2268
2020,2016.0,7.0,23.0,22.0,23.0,44.92169
2021,2016.0,7.0,24.0,3.0,4.0,117.99638
2022,2016.0,7.0,23.0,7.0,8.0,32.85627
2023,2016.0,7.0,23.0,11.0,12.0,27.55723
2024,2016.0,7.0,23.0,21.0,22.0,40.2571
2025,2016.0,7.0,24.0,2.0,3.0,123.04232
2026,2016.0,7.0,23.0,9.0,10.0,29.52382
2027,2016.0,7.0,23.0,13.0,14.0,26.95917
2028,2016.0,7.0,23.0,15.0,16.0,25.66612
2029,2016.0,7.0,23.0,17.0,18.0,31.83989
2030,2016.0,7.0,23.0,20.0,21.0,37.80852
2031,2016.0,7.0,24.0,1.0,2.0,88.09355
2032,2016.0,7.0,24.0,6.0,7.0,34.54721
2033,2016.0,7.0,23.0,19.0,20.0,39.16111
2034,2016.0,7.0,23.0,23.0,0.0,59.69088
2035,2016.0,7.0,24.0,0.0,1.0,66.22377
2036,2016.0,7.0,24.0,5.0,6.0,42.48842
2037,2016.0,7.0,23.0,8.0,9.0,30.35943
2038,2016.0,7.0,23.0,12.0,13.0,27.43437
2039,2016.0,7.0,23.0,14.0,15.0,26.4193
2040,2016.0,7.0,25.0,6.0,7.0,35.60694
2041,2016.0,7.0,24.0,17.0,18.0,30.54268
2042,2016.0,7.0,24.0,8.0,9.0,32.64399
2043,2016.0,7.0,24.0,16.0,17.0,26.64713
2044,2016.0,7.0,25.0,1.0,2.0,63.54546
2045,2016.0,7.0,24.0,14.0,15.0,26.4756
2046,2016.0,7.0,24.0,22.0,23.0,53.74598
2047,2016.0,7.0,24.0,23.0,0.0,56.3528
2048,2016.0,7.0,25.0,2.0,3.0,72.79227
2049,2016.0,7.0,25.0,3.0,4.0,63.17183
2050,2016.0,7.0,24.0,18.0,19.0,32.81287
2051,2016.0,7.0,24.0,7.0,8.0,35.05264
2052,2016.0,7.0,24.0,12.0,13.0,28.30438
2053,2016.0,7.0,24.0,13.0,14.0,26.85633
2054,2016.0,7.0,24.0,11.0,12.0,28.79716
2055,2016.0,7.0,24.0,15.0,16.0,25.88279
2056,2016.0,7.0,24.0,21.0,22.0,39.60187
2057,2016.0,7.0,25.0,4.0,5.0,53.69248
2058,2016.0,7.0,24.0,19.0,20.0,36.4093
2059,2016.0,7.0,24.0,20.0,21.0,37.43881
2060,2016.0,7.0,25.0,0.0,1.0,60.7985
2061,2016.0,7.0,24.0,9.0,10.0,31.92257
2062,2016.0,7.0,24.0,10.0,11.0,29.43524
2063,2016.0,7.0,25.0,5.0,6.0,41.645
2064,2016.0,7.0,25.0,18.0,19.0,37.53754
2065,2016.0,7.0,25.0,10.0,11.0,27.76445
2066,2016.0,7.0,25.0,22.0,23.0,56.12705
2067,2016.0,7.0,26.0,6.0,7.0,37.48968
2068,2016.0,7.0,26.0,5.0,6.0,44.37674
2069,2016.0,7.0,25.0,12.0,13.0,29.65412
2070,2016.0,7.0,26.0,3.0,4.0,66.37345
2071,2016.0,7.0,25.0,11.0,12.0,28.26423
2072,2016.0,7.0,25.0,14.0,15.0,31.51019
2073,2016.0,7.0,25.0,17.0,18.0,34.08787
2074,2016.0,7.0,26.0,1.0,2.0,70.04407
2075,2016.0,7.0,25.0,7.0,8.0,33.6092
2076,2016.0,7.0,25.0,20.0,21.0,46.53246
2077,2016.0,7.0,26.0,2.0,3.0,75.49384
2078,2016.0,7.0,26.0,4.0,5.0,54.60875
2079,2016.0,7.0,25.0,13.0,14.0,31.17263
2080,2016.0,7.0,25.0,15.0,16.0,31.34537
2081,2016.0,7.0,25.0,16.0,17.0,32.35712
2082,2016.0,7.0,25.0,23.0,0.0,63.51531
2083,2016.0,7.0,25.0,9.0,10.0,29.34232
2084,2016.0,7.0,25.0,21.0,22.0,50.85282
2085,2016.0,7.0,26.0,0.0,1.0,69.35562
2086,2016.0,7.0,25.0,8.0,9.0,31.33374
2087,2016.0,7.0,25.0,19.0,20.0,45.52013
2088,2016.0,7.0,26.0,9.0,10.0,27.03843
2089,2016.0,7.0,26.0,12.0,13.0,28.29879
2090,2016.0,7.0,26.0,20.0,21.0,44.52545
2091,2016.0,7.0,27.0,1.0,2.0,77.72552
2092,2016.0,7.0,27.0,4.0,5.0,56.89977
2093,2016.0,7.0,26.0,18.0,19.0,35.94896
2094,2016.0,7.0,26.0,23.0,0.0,73.6331
2095,2016.0,7.0,26.0,14.0,15.0,30.61182
2096,2016.0,7.0,26.0,22.0,23.0,55.65887
2097,2016.0,7.0,26.0,19.0,20.0,41.46338
2098,2016.0,7.0,26.0,15.0,16.0,29.76079
2099,2016.0,7.0,26.0,7.0,8.0,31.29674
2100,2016.0,7.0,27.0,0.0,1.0,75.3378
2101,2016.0,7.0,26.0,16.0,17.0,30.22388
2102,2016.0,7.0,26.0,11.0,12.0,26.11016
2103,2016.0,7.0,26.0,17.0,18.0,33.08128
2104,2016.0,7.0,27.0,5.0,6.0,38.48654
2105,2016.0,7.0,27.0,6.0,7.0,35.74777
2106,2016.0,7.0,26.0,10.0,11.0,25.5932
2107,2016.0,7.0,26.0,21.0,22.0,48.37355
2108,2016.0,7.0,27.0,2.0,3.0,89.32402
2109,2016.0,7.0,27.0,3.0,4.0,76.80922
2110,2016.0,7.0,26.0,13.0,14.0,29.78522
2111,2016.0,7.0,26.0,8.0,9.0,28.75215
2112,2016.0,7.0,28.0,0.0,1.0,80.04691
2113,2016.0,7.0,27.0,11.0,12.0,26.08219
2114,2016.0,7.0,27.0,12.0,13.0,27.70665
2115,2016.0,7.0,27.0,9.0,10.0,26.93093
2116,2016.0,7.0,28.0,6.0,7.0,35.41445
2117,2016.0,7.0,28.0,4.0,5.0,53.24654
2118,2016.0,7.0,28.0,1.0,2.0,84.59028
2119,2016.0,7.0,27.0,19.0,20.0,49.61236
2120,2016.0,7.0,27.0,16.0,17.0,33.72585
2121,2016.0,7.0,28.0,5.0,6.0,38.6055
2122,2016.0,7.0,27.0,8.0,9.0,28.58641
2123,2016.0,7.0,27.0,7.0,8.0,32.24375
2124,2016.0,7.0,27.0,10.0,11.0,25.97123
2125,2016.0,7.0,27.0,17.0,18.0,36.61671
2126,2016.0,7.0,27.0,22.0,23.0,71.66648
2127,2016.0,7.0,27.0,13.0,14.0,32.67233
2128,2016.0,7.0,27.0,15.0,16.0,32.47531
2129,2016.0,7.0,28.0,3.0,4.0,112.80768
2130,2016.0,7.0,27.0,18.0,19.0,39.54428
2131,2016.0,7.0,28.0,2.0,3.0,123.39092
2132,2016.0,7.0,27.0,14.0,15.0,32.53803
2133,2016.0,7.0,27.0,20.0,21.0,52.9362
2134,2016.0,7.0,27.0,23.0,0.0,83.74647
2135,2016.0,7.0,27.0,21.0,22.0,59.12692
2136,2016.0,7.0,28.0,21.0,22.0,61.38116
2137,2016.0,7.0,28.0,17.0,18.0,39.4452
2138,2016.0,7.0,28.0,9.0,10.0,27.2851
2139,2016.0,7.0,28.0,12.0,13.0,27.25561
2140,2016.0,7.0,29.0,6.0,7.0,38.51975
2141,2016.0,7.0,29.0,5.0,6.0,40.78583
2142,2016.0,7.0,28.0,18.0,19.0,43.32187
2143,2016.0,7.0,28.0,16.0,17.0,36.27575
2144,2016.0,7.0,28.0,13.0,14.0,33.83163
2145,2016.0,7.0,28.0,8.0,9.0,29.19563
2146,2016.0,7.0,28.0,15.0,16.0,34.76847
2147,2016.0,7.0,28.0,23.0,0.0,99.54291
2148,2016.0,7.0,28.0,11.0,12.0,25.94949
2149,2016.0,7.0,28.0,20.0,21.0,55.64729
2150,2016.0,7.0,28.0,14.0,15.0,34.79599
2151,2016.0,7.0,28.0,7.0,8.0,32.49745
2152,2016.0,7.0,29.0,4.0,5.0,55.98633
2153,2016.0,7.0,29.0,3.0,4.0,89.59437
2154,2016.0,7.0,29.0,2.0,3.0,118.39036
2155,2016.0,7.0,29.0,0.0,1.0,91.86098
2156,2016.0,7.0,29.0,1.0,2.0,94.6327
2157,2016.0,7.0,28.0,19.0,20.0,52.24291
2158,2016.0,7.0,28.0,10.0,11.0,26.13147
2159,2016.0,7.0,28.0,22.0,23.0,81.42899
2160,2016.0,7.0,30.0,1.0,2.0,93.57169
2161,2016.0,7.0,29.0,7.0,8.0,32.81705
2162,2016.0,7.0,29.0,13.0,14.0,32.97837
2163,2016.0,7.0,29.0,21.0,22.0,69.148
2164,2016.0,7.0,29.0,12.0,13.0,27.18586
2165,2016.0,7.0,29.0,20.0,21.0,54.28932
2166,2016.0,7.0,29.0,8.0,9.0,29.1458
2167,2016.0,7.0,29.0,9.0,10.0,27.23848
2168,2016.0,7.0,29.0,14.0,15.0,33.15512
2169,2016.0,7.0,30.0,0.0,1.0,95.36766
2170,2016.0,7.0,29.0,17.0,18.0,38.33913
2171,2016.0,7.0,29.0,18.0,19.0,42.17655
2172,2016.0,7.0,30.0,5.0,6.0,40.53783
2173,2016.0,7.0,30.0,6.0,7.0,38.62921
2174,2016.0,7.0,29.0,19.0,20.0,50.5678
2175,2016.0,7.0,29.0,22.0,23.0,85.25188
2176,2016.0,7.0,29.0,23.0,0.0,101.47698
2177,2016.0,7.0,30.0,3.0,4.0,59.61062
2178,2016.0,7.0,29.0,10.0,11.0,25.98252
2179,2016.0,7.0,29.0,15.0,16.0,32.93439
2180,2016.0,7.0,29.0,16.0,17.0,34.8807
2181,2016.0,7.0,30.0,2.0,3.0,81.46221
2182,2016.0,7.0,30.0,4.0,5.0,51.63911
2183,2016.0,7.0,29.0,11.0,12.0,26.08389
2184,2016.0,7.0,31.0,5.0,6.0,37.81852
2185,2016.0,7.0,30.0,22.0,23.0,41.67353
2186,2016.0,7.0,30.0,21.0,22.0,37.43651
2187,2016.0,7.0,30.0,17.0,18.0,28.72088
2188,2016.0,7.0,30.0,15.0,16.0,25.44956
2189,2016.0,7.0,30.0,8.0,9.0,31.01357
2190,2016.0,7.0,31.0,4.0,5.0,39.75104
2191,2016.0,7.0,30.0,13.0,14.0,27.55138
2192,2016.0,7.0,31.0,1.0,2.0,92.87468
2193,2016.0,7.0,30.0,19.0,20.0,35.37039
2194,2016.0,7.0,30.0,16.0,17.0,27.47574
2195,2016.0,7.0,30.0,9.0,10.0,30.41821
2196,2016.0,7.0,31.0,3.0,4.0,45.55854
2197,2016.0,7.0,31.0,2.0,3.0,52.27177
2198,2016.0,7.0,30.0,10.0,11.0,29.14694
2199,2016.0,7.0,30.0,23.0,0.0,47.85243
2200,2016.0,7.0,30.0,20.0,21.0,36.43434
2201,2016.0,7.0,31.0,6.0,7.0,34.40276
2202,2016.0,7.0,31.0,0.0,1.0,62.37038
2203,2016.0,7.0,30.0,18.0,19.0,32.13103
2204,2016.0,7.0,30.0,12.0,13.0,29.92089
2205,2016.0,7.0,30.0,11.0,12.0,29.06282
2206,2016.0,7.0,30.0,7.0,8.0,33.15748
2207,2016.0,7.0,30.0,14.0,15.0,26.37964
2208,2016.0,7.0,31.0,15.0,16.0,24.37015
2209,2016.0,7.0,31.0,22.0,23.0,35.76225
2210,2016.0,7.0,31.0,11.0,12.0,27.65381
2211,2016.0,7.0,31.0,16.0,17.0,23.85527
2212,2016.0,8.0,1.0,3.0,4.0,46.638
2213,2016.0,7.0,31.0,12.0,13.0,27.22961
2214,2016.0,7.0,31.0,14.0,15.0,25.26936
2215,2016.0,7.0,31.0,19.0,20.0,29.52222
2216,2016.0,7.0,31.0,8.0,9.0,30.25437
2217,2016.0,7.0,31.0,9.0,10.0,30.0647
2218,2016.0,7.0,31.0,21.0,22.0,32.8495
2219,2016.0,8.0,1.0,2.0,3.0,51.60483
2220,2016.0,8.0,1.0,6.0,7.0,32.49548
2221,2016.0,7.0,31.0,13.0,14.0,26.78302
2222,2016.0,7.0,31.0,20.0,21.0,31.43431
2223,2016.0,7.0,31.0,23.0,0.0,37.40736
2224,2016.0,8.0,1.0,4.0,5.0,37.57483
2225,2016.0,8.0,1.0,0.0,1.0,40.90585
2226,2016.0,8.0,1.0,1.0,2.0,48.48574
2227,2016.0,8.0,1.0,5.0,6.0,34.15336
2228,2016.0,7.0,31.0,7.0,8.0,32.39277
2229,2016.0,7.0,31.0,10.0,11.0,28.05872
2230,2016.0,7.0,31.0,18.0,19.0,28.4441
2231,2016.0,7.0,31.0,17.0,18.0,26.16105
